index,before_drinks_n,before_drinks_price,before_pizza_n,before_pizza_price,before_total_price,during_drinks_n,during_drinks_price,during_pizza_n,during_pizza_price,during_total_price
0,0,0,1,780,780,1,90,1,690,780
1,0,0,1,660,660,1,80,1,610,690
2,0,0,1,540,540,1,80,1,790,870
3,1,80,4,2830,2910,2,180,4,2790,2970
4,0,0,4,2640,2640,1,70,4,2480,2550
5,1,80,1,640,720,0,0,1,780,780
6,1,90,1,540,630,0,0,1,600,600
7,0,0,1,660,660,0,0,1,660,660
8,0,0,4,2880,2880,0,0,4,2860,2860
9,1,70,1,710,780,0,0,1,780,780
10,1,80,7,4990,5070,2,160,6,4400,4560
11,1,80,1,730,810,0,0,1,780,780
12,2,150,2,1350,1500,1,80,2,1450,1530
13,1,90,2,1170,1260,0,0,2,1440,1440
14,0,0,3,1740,1740,1,70,2,1670,1740
15,1,80,2,1420,1500,0,0,2,1500,1500
16,0,0,2,1440,1440,0,0,2,1450,1450
17,0,0,1,780,780,0,0,1,780,780
18,0,0,1,600,600,1,80,1,820,900
19,0,0,2,1260,1260,0,0,2,1450,1450
20,1,70,1,830,900,1,80,1,850,930
21,0,0,4,3060,3060,0,0,4,3060,3060
22,1,80,2,1330,1410,0,0,2,1560,1560
23,0,0,1,720,720,0,0,1,580,580
24,0,0,1,600,600,0,0,1,780,780
25,0,0,4,2700,2700,0,0,4,2640,2640
26,0,0,1,780,780,1,90,1,720,810
27,1,70,3,2180,2250,0,0,3,2040,2040
28,1,80,1,610,690,0,0,1,790,790
29,0,0,1,540,540,0,0,1,720,720
30,0,0,1,600,600,0,0,1,780,780
31,0,0,1,660,660,0,0,1,840,840
32,0,0,3,2220,2220,0,0,3,2160,2160
33,0,0,4,2700,2700,1,80,4,2590,2670
34,1,70,2,1400,1470,1,80,2,1450,1530
35,0,0,1,840,840,0,0,1,840,840
36,0,0,1,540,540,0,0,1,700,700
37,0,0,1,660,660,0,0,1,660,660
38,1,80,3,2410,2490,1,80,4,2590,2670
39,1,80,1,790,870,0,0,1,840,840
40,1,80,2,1330,1410,0,0,2,1450,1450
41,1,80,1,730,810,1,80,1,700,780
42,0,0,2,1200,1200,1,90,2,1120,1210
43,1,70,1,740,810,0,0,1,780,780
44,2,160,2,1190,1350,1,80,2,1270,1350
45,0,0,1,660,660,0,0,1,840,840
46,0,0,2,1440,1440,0,0,2,1440,1440
47,0,0,2,1380,1380,0,0,2,1320,1320
48,0,0,1,720,720,0,0,1,780,780
49,1,90,2,1410,1500,0,0,2,1560,1560
50,0,0,2,1320,1320,0,0,2,1380,1380
51,0,0,1,720,720,0,0,1,780,780
52,0,0,1,660,660,0,0,1,840,840
53,0,0,1,720,720,0,0,1,840,840
54,0,0,1,660,660,0,0,1,730,730
55,0,0,2,1440,1440,1,80,2,1390,1470
56,0,0,2,1560,1560,0,0,2,1560,1560
57,0,0,1,780,780,0,0,1,780,780
58,0,0,1,780,780,1,80,1,670,750
59,2,160,2,1460,1620,0,0,2,1620,1620
60,1,80,1,670,750,1,80,1,700,780
61,1,80,1,760,840,0,0,1,840,840
62,1,80,3,2320,2400,1,80,3,2350,2430
63,1,80,2,1570,1650,0,0,2,1560,1560
64,1,90,1,780,870,1,80,1,790,870
65,1,80,4,2740,2820,0,0,4,3000,3000
66,0,0,1,540,540,0,0,1,840,840
67,2,160,6,4070,4230,1,80,6,4330,4410
68,0,0,1,600,600,0,0,1,600,600
69,2,170,2,1510,1680,1,80,2,1630,1710
70,1,80,1,850,930,0,0,1,850,850
71,1,80,4,2740,2820,1,90,4,2760,2850
72,0,0,1,780,780,0,0,1,780,780
73,1,70,2,1250,1320,0,0,2,1480,1480
74,0,0,2,1680,1680,1,70,2,1580,1650
75,1,80,1,790,870,0,0,1,840,840
76,1,70,2,1580,1650,2,170,2,1510,1680
77,0,0,1,600,600,0,0,1,840,840
78,0,0,2,1440,1440,2,170,2,1390,1560
79,1,90,1,840,930,1,80,1,850,930
80,0,0,1,720,720,0,0,1,840,840
81,0,0,1,780,780,1,70,1,680,750
82,0,0,1,600,600,0,0,1,720,720
83,0,0,2,1440,1440,0,0,2,1620,1620
84,1,80,1,730,810,0,0,1,840,840
85,1,80,1,580,660,0,0,1,780,780
86,1,90,1,600,690,0,0,1,760,760
87,1,70,1,860,930,0,0,2,1140,1140
88,0,0,1,780,780,0,0,1,780,780
89,0,0,2,1560,1560,0,0,2,1440,1440
90,0,0,2,1560,1560,1,80,2,1510,1590
91,1,70,1,560,630,0,0,1,720,720
92,1,70,1,680,750,0,0,1,780,780
93,1,80,2,1180,1260,0,0,2,1560,1560
94,1,80,1,610,690,1,80,1,610,690
95,1,70,1,620,690,1,90,1,600,690
96,0,0,1,720,720,0,0,1,720,720
97,0,0,1,600,600,0,0,1,840,840
98,0,0,1,720,720,1,80,1,700,780
99,1,80,1,760,840,0,0,1,840,840
100,1,80,1,610,690,1,70,1,620,690
101,0,0,1,660,660,0,0,1,780,780
102,0,0,1,660,660,0,0,1,720,720
103,1,80,1,700,780,0,0,1,790,790
104,1,80,1,730,810,1,90,1,720,810
105,0,0,1,660,660,1,70,1,830,900
106,0,0,1,840,840,0,0,1,840,840
107,1,80,1,610,690,0,0,1,780,780
108,0,0,1,720,720,0,0,1,840,840
109,1,80,1,670,750,0,0,1,600,600
110,1,80,3,1930,2010,0,0,3,1980,1980
111,0,0,1,840,840,0,0,1,780,780
112,0,0,1,780,780,0,0,1,780,780
113,0,0,1,600,600,0,0,1,780,780
114,1,80,2,1510,1590,0,0,2,1560,1560
115,0,0,1,540,540,1,80,1,670,750
116,1,80,1,520,600,0,0,1,840,840
117,1,80,2,1450,1530,1,80,2,1270,1350
118,1,80,2,1270,1350,0,0,2,1570,1570
119,0,0,1,600,600,0,0,1,780,780
120,0,0,1,720,720,0,0,1,720,720
121,1,90,1,660,750,0,0,1,600,600
122,1,70,2,1610,1680,0,0,2,1600,1600
123,1,90,1,660,750,1,80,1,670,750
124,0,0,1,720,720,1,80,1,610,690
125,0,0,2,1560,1560,0,0,2,1560,1560
126,0,0,1,720,720,0,0,1,790,790
127,0,0,2,1260,1260,0,0,2,1260,1260
128,0,0,1,600,600,0,0,1,780,780
129,0,0,4,2820,2820,2,180,4,2790,2970
130,1,80,3,2290,2370,1,90,3,2370,2460
131,0,0,1,780,780,1,70,1,800,870
132,1,90,2,1350,1440,0,0,2,1620,1620
133,1,70,1,620,690,1,90,1,600,690
134,1,90,1,780,870,1,80,1,820,900
135,0,0,2,1440,1440,0,0,2,1560,1560
136,1,90,1,720,810,1,80,1,670,750
137,0,0,1,780,780,0,0,1,780,780
138,0,0,1,660,660,0,0,1,780,780
139,1,90,5,3420,3510,0,0,5,3780,3780
140,0,0,1,780,780,0,0,1,780,780
141,0,0,2,1440,1440,0,0,2,1390,1390
142,0,0,3,2220,2220,0,0,3,2140,2140
143,0,0,1,720,720,0,0,1,720,720
144,0,0,2,1500,1500,0,0,2,1320,1320
145,0,0,1,540,540,1,70,1,740,810
146,1,80,1,610,690,1,80,1,670,750
147,1,90,2,1380,1470,0,0,2,1620,1620
148,0,0,1,840,840,1,80,1,790,870
149,1,90,2,1440,1530,0,0,2,1560,1560
150,1,80,6,4270,4350,0,0,6,4440,4440
151,1,70,1,740,810,0,0,1,840,840
152,0,0,1,720,720,0,0,1,660,660
153,0,0,2,1560,1560,0,0,2,1560,1560
154,1,80,1,790,870,1,80,1,670,750
155,0,0,1,660,660,1,90,1,660,750
156,0,0,1,540,540,0,0,1,600,600
157,1,80,1,730,810,0,0,1,780,780
158,1,80,1,670,750,0,0,1,840,840
159,0,0,1,720,720,1,90,1,660,750
160,1,80,2,1570,1650,0,0,2,1680,1680
161,1,90,1,780,870,1,80,1,820,900
162,0,0,3,1920,1920,0,0,3,2220,2220
163,1,80,1,610,690,1,90,1,810,900
164,1,80,4,2860,2940,1,80,4,2830,2910
165,0,0,1,780,780,0,0,1,780,780
166,0,0,4,2580,2580,0,0,4,2820,2820
167,0,0,1,840,840,1,70,1,650,720
168,1,80,4,2920,3000,0,0,4,3120,3120
169,1,70,1,860,930,0,0,1,840,840
170,0,0,1,720,720,0,0,1,720,720
171,1,70,1,680,750,0,0,1,780,780
172,0,0,1,660,660,0,0,1,610,610
173,0,0,1,780,780,1,80,1,730,810
174,0,0,2,1560,1560,0,0,2,1560,1560
175,0,0,1,660,660,1,80,1,550,630
176,1,90,1,600,690,0,0,1,760,760
177,0,0,2,1380,1380,0,0,2,1500,1500
178,2,180,5,3720,3900,3,240,5,3780,4020
179,1,80,1,820,900,1,80,1,850,930
180,0,0,2,1500,1500,0,0,2,1500,1500
181,1,70,1,680,750,0,0,1,840,840
182,1,90,1,690,780,0,0,1,780,780
183,0,0,3,2220,2220,3,240,3,1950,2190
184,1,70,1,620,690,1,70,1,530,600
185,0,0,2,1560,1560,0,0,2,1620,1620
186,1,80,1,610,690,0,0,1,790,790
187,0,0,1,660,660,0,0,1,780,780
188,1,80,1,670,750,0,0,1,720,720
189,1,90,3,1830,1920,1,80,3,2170,2250
190,1,80,1,730,810,1,80,1,790,870
191,0,0,1,780,780,1,90,1,720,810
192,0,0,3,1980,1980,2,150,3,1890,2040
193,0,0,2,1440,1440,1,70,2,1400,1470
194,1,70,1,620,690,0,0,1,840,840
195,1,90,1,600,690,1,80,1,820,900
196,0,0,1,660,660,1,90,1,600,690
197,1,90,6,3900,3990,1,90,5,3810,3900
198,2,170,2,1450,1620,0,0,2,1630,1630
199,0,0,1,780,780,0,0,1,780,780
200,1,70,2,1460,1530,1,80,2,1480,1560
201,0,0,1,780,780,1,90,1,750,840
202,0,0,3,1860,1860,1,90,3,2130,2220
203,0,0,1,600,600,0,0,1,780,780
204,0,0,2,1440,1440,0,0,2,1510,1510
205,0,0,2,1560,1560,1,80,2,1210,1290
206,0,0,1,780,780,0,0,1,840,840
207,0,0,2,1440,1440,1,90,2,1470,1560
208,0,0,1,600,600,0,0,1,540,540
209,1,80,1,610,690,1,80,1,610,690
210,1,70,3,1940,2010,0,0,3,2110,2110
211,0,0,1,660,660,0,0,1,660,660
212,1,80,5,3310,3390,1,90,4,3160,3250
213,0,0,1,540,540,0,0,1,660,660
214,2,150,2,1350,1500,1,70,2,1430,1500
215,1,90,3,2100,2190,1,80,3,1870,1950
216,0,0,2,1500,1500,0,0,2,1500,1500
217,0,0,1,720,720,1,70,1,680,750
218,0,0,1,660,660,0,0,1,720,720
219,0,0,4,3000,3000,1,90,4,2880,2970
220,1,90,1,780,870,1,70,1,830,900
221,1,90,4,2850,2940,1,80,4,2920,3000
222,0,0,1,840,840,0,0,1,760,760
223,1,80,2,1390,1470,1,70,2,1400,1470
224,0,0,1,660,660,1,80,1,730,810
225,0,0,1,780,780,0,0,1,780,780
226,0,0,1,840,840,1,80,1,820,900
227,0,0,2,1440,1440,0,0,2,1560,1560
228,1,70,1,710,780,0,0,1,780,780
229,1,80,4,2770,2850,1,70,4,2750,2820
230,1,90,2,1470,1560,1,80,2,1510,1590
231,0,0,3,2160,2160,0,0,3,2220,2220
232,1,90,2,1470,1560,0,0,2,1560,1560
233,2,140,2,1480,1620,0,0,2,1620,1620
234,2,180,3,2190,2370,0,0,3,2400,2400
235,0,0,1,720,720,0,0,1,720,720
236,0,0,1,780,780,0,0,1,780,780
237,1,70,4,2450,2520,1,70,3,2490,2560
238,0,0,1,780,780,0,0,1,780,780
239,0,0,4,2940,2940,2,150,4,2970,3120
240,0,0,1,780,780,0,0,1,780,780
241,1,90,2,1320,1410,0,0,2,1450,1450
242,0,0,1,780,780,0,0,1,700,700
243,1,90,1,810,900,0,0,1,720,720
244,0,0,5,3360,3360,2,160,5,3290,3450
245,1,90,3,2040,2130,1,80,3,2170,2250
246,0,0,1,720,720,0,0,1,780,780
247,0,0,3,1920,1920,0,0,3,2280,2280
248,1,70,1,800,870,0,0,1,720,720
249,1,90,4,2820,2910,2,150,4,2940,3090
250,0,0,1,780,780,0,0,1,760,760
251,0,0,1,780,780,1,80,1,760,840
252,1,70,1,620,690,1,90,1,600,690
253,0,0,1,780,780,0,0,1,780,780
254,1,80,1,820,900,0,0,1,780,780
255,0,0,2,1440,1440,1,80,2,1360,1440
256,2,170,4,2860,3030,1,80,4,2950,3030
257,0,0,1,660,660,0,0,1,720,720
258,0,0,3,1740,1740,1,80,3,1720,1800
259,1,70,1,680,750,0,0,1,720,720
260,0,0,2,1620,1620,1,90,2,1560,1650
261,0,0,1,780,780,1,70,1,740,810
262,0,0,1,780,780,0,0,1,780,780
263,1,80,1,730,810,0,0,1,840,840
264,1,80,1,670,750,1,80,1,550,630
265,1,80,2,1450,1530,0,0,2,1620,1620
266,1,70,1,740,810,0,0,1,780,780
267,0,0,3,2280,2280,1,90,3,2220,2310
268,1,90,1,780,870,0,0,1,840,840
269,1,90,1,780,870,0,0,1,840,840
270,1,70,1,620,690,1,70,1,740,810
271,0,0,3,2220,2220,1,70,3,2120,2190
272,0,0,2,1200,1200,1,70,2,1460,1530
273,1,90,1,660,750,1,70,1,710,780
274,0,0,2,1500,1500,1,70,2,1280,1350
275,1,90,1,720,810,1,90,1,720,810
276,2,160,3,2270,2430,3,250,3,2090,2340
277,1,80,1,790,870,0,0,1,780,780
278,0,0,1,840,840,1,70,1,800,870
279,1,80,6,4180,4260,2,140,6,4090,4230
280,1,80,1,730,810,0,0,1,840,840
281,0,0,2,1080,1080,0,0,1,660,660
282,1,70,3,1850,1920,0,0,3,1980,1980
283,0,0,1,840,840,0,0,1,760,760
284,1,80,1,790,870,1,80,1,760,840
285,1,80,1,670,750,1,80,1,730,810
286,0,0,1,780,780,0,0,1,780,780
287,0,0,1,840,840,0,0,1,840,840
288,1,70,1,680,750,0,0,1,780,780
289,0,0,1,720,720,1,80,1,670,750
290,0,0,1,840,840,0,0,1,790,790
291,0,0,1,780,780,0,0,1,780,780
292,0,0,1,660,660,0,0,1,720,720
293,1,80,3,2260,2340,0,0,3,2260,2260
294,1,90,3,2010,2100,0,0,3,2400,2400
295,0,0,1,840,840,0,0,1,780,780
296,0,0,1,780,780,1,70,1,620,690
297,0,0,1,840,840,0,0,1,840,840
298,0,0,1,780,780,0,0,1,780,780
299,0,0,1,720,720,0,0,1,780,780
300,0,0,2,1620,1620,0,0,2,1620,1620
301,1,90,1,750,840,0,0,1,840,840
302,1,80,1,790,870,0,0,1,720,720
303,0,0,2,1440,1440,0,0,2,1560,1560
304,1,70,1,680,750,0,0,1,660,660
305,1,80,1,670,750,1,70,1,800,870
306,0,0,1,840,840,0,0,1,540,540
307,1,80,2,1570,1650,0,0,2,1440,1440
308,0,0,1,600,600,0,0,1,600,600
309,0,0,2,1440,1440,0,0,2,1560,1560
310,1,90,2,1140,1230,1,80,2,1390,1470
311,1,90,2,1560,1650,0,0,2,1600,1600
312,0,0,1,840,840,0,0,1,840,840
313,0,0,1,780,780,0,0,1,780,780
314,0,0,2,1680,1680,0,0,2,1680,1680
315,0,0,3,2100,2100,0,0,3,2280,2280
316,1,80,1,610,690,1,70,1,770,840
317,1,80,2,1570,1650,0,0,2,1320,1320
318,0,0,1,780,780,0,0,1,780,780
319,0,0,1,840,840,1,90,1,540,630
320,0,0,3,2160,2160,0,0,3,2340,2340
321,1,80,1,670,750,0,0,1,720,720
322,0,0,1,720,720,0,0,1,780,780
323,1,80,4,3040,3120,1,70,4,2930,3000
324,0,0,1,600,600,1,90,1,780,870
325,1,70,2,1460,1530,1,90,2,1560,1650
326,1,70,4,2900,2970,1,80,4,2950,3030
327,1,80,2,1570,1650,1,90,2,1560,1650
328,1,80,1,610,690,0,0,1,840,840
329,0,0,1,840,840,0,0,1,600,600
330,0,0,2,1620,1620,0,0,2,1320,1320
331,0,0,1,780,780,0,0,1,780,780
332,0,0,1,720,720,0,0,1,720,720
333,0,0,1,720,720,1,70,1,770,840
334,1,80,1,670,750,0,0,1,780,780
335,0,0,2,1440,1440,1,80,2,1390,1470
336,0,0,1,720,720,0,0,1,790,790
337,0,0,2,1140,1140,2,160,2,1370,1530
338,1,70,2,1580,1650,1,70,2,1580,1650
339,0,0,1,600,600,0,0,1,780,780
340,0,0,1,720,720,0,0,1,600,600
341,0,0,2,1440,1440,0,0,2,1620,1620
342,0,0,1,720,720,0,0,1,720,720
343,1,80,2,1390,1470,0,0,2,1560,1560
344,0,0,4,2640,2640,0,0,3,2530,2530
345,1,80,2,1450,1530,0,0,2,1440,1440
346,1,80,1,790,870,0,0,1,840,840
347,2,160,4,2570,2730,0,0,4,2980,2980
348,1,90,2,1500,1590,1,70,2,1550,1620
349,0,0,1,720,720,0,0,1,790,790
350,1,70,4,2780,2850,1,80,4,2980,3060
351,1,90,6,3870,3960,1,90,6,4170,4260
352,0,0,1,780,780,0,0,1,780,780
353,1,90,2,1620,1710,1,80,2,1600,1680
354,0,0,1,780,780,1,70,1,860,930
355,2,170,5,3400,3570,0,0,5,3780,3780
356,0,0,1,720,720,0,0,1,850,850
357,1,90,1,720,810,1,80,1,730,810
358,1,80,1,670,750,0,0,1,780,780
359,0,0,1,780,780,1,90,1,780,870
360,0,0,1,840,840,0,0,1,840,840
361,1,80,3,2200,2280,0,0,3,2230,2230
362,0,0,1,540,540,0,0,1,540,540
363,1,90,1,510,600,0,0,1,660,660
364,0,0,1,840,840,1,80,1,790,870
365,1,70,1,710,780,0,0,1,780,780
366,0,0,1,780,780,0,0,1,540,540
367,0,0,1,780,780,0,0,1,820,820
368,1,80,3,1720,1800,1,80,3,1720,1800
369,0,0,1,720,720,0,0,1,540,540
370,0,0,1,780,780,0,0,1,780,780
371,0,0,1,540,540,0,0,1,600,600
372,0,0,2,1560,1560,0,0,2,1560,1560
373,1,80,1,670,750,0,0,1,780,780
374,0,0,1,660,660,0,0,1,780,780
375,0,0,2,1200,1200,0,0,2,1200,1200
376,0,0,2,1380,1380,0,0,2,1450,1450
377,0,0,1,720,720,1,80,1,670,750
378,0,0,1,540,540,0,0,1,660,660
379,0,0,2,1260,1260,0,0,2,1260,1260
380,1,90,2,1200,1290,1,80,2,1510,1590
381,1,80,1,610,690,0,0,1,760,760
382,1,70,1,740,810,0,0,1,780,780
383,1,80,1,760,840,1,80,1,790,870
384,0,0,2,1200,1200,0,0,2,1380,1380
385,2,170,6,4270,4440,0,0,6,4260,4260
386,0,0,2,1620,1620,0,0,2,1570,1570
387,0,0,1,720,720,0,0,1,720,720
388,0,0,1,660,660,0,0,1,720,720
389,1,80,2,1660,1740,1,70,2,1700,1770
390,0,0,1,780,780,1,70,1,680,750
391,0,0,2,1380,1380,0,0,2,1330,1330
392,0,0,1,600,600,1,80,1,730,810
393,1,80,1,790,870,0,0,1,840,840
394,0,0,1,780,780,0,0,1,780,780
395,0,0,1,540,540,1,70,1,680,750
396,0,0,1,660,660,0,0,1,600,600
397,1,70,3,2090,2160,0,0,3,2170,2170
398,0,0,3,2040,2040,0,0,3,2280,2280
399,1,80,3,1900,1980,0,0,3,2100,2100
400,1,70,3,1910,1980,0,0,3,1980,1980
401,1,80,1,790,870,0,0,1,840,840
402,0,0,4,2940,2940,1,90,4,2970,3060
403,1,90,1,660,750,0,0,1,600,600
404,1,90,1,780,870,0,0,1,790,790
405,0,0,1,540,540,1,80,1,790,870
406,0,0,1,840,840,0,0,1,720,720
407,0,0,2,1380,1380,1,70,2,1460,1530
408,0,0,1,600,600,0,0,1,720,720
409,1,80,1,670,750,1,90,1,600,690
410,0,0,2,1380,1380,1,90,2,1260,1350
411,1,80,2,1450,1530,1,80,2,1150,1230
412,0,0,1,780,780,1,90,1,780,870
413,2,170,2,1450,1620,0,0,2,1620,1620
414,0,0,1,600,600,0,0,1,600,600
415,1,90,1,660,750,0,0,1,720,720
416,0,0,1,780,780,0,0,1,780,780
417,0,0,1,600,600,0,0,1,720,720
418,1,70,1,740,810,0,0,1,780,780
419,0,0,3,2040,2040,0,0,3,1980,1980
420,0,0,1,600,600,0,0,1,790,790
421,0,0,3,1920,1920,1,80,3,1900,1980
422,0,0,1,660,660,1,90,1,750,840
423,0,0,1,660,660,1,80,1,790,870
424,1,80,1,670,750,1,80,1,670,750
425,0,0,1,780,780,0,0,1,780,780
426,0,0,2,1260,1260,0,0,2,1680,1680
427,0,0,1,780,780,0,0,1,780,780
428,0,0,2,1260,1260,0,0,2,1440,1440
429,0,0,1,660,660,0,0,1,840,840
430,1,70,4,2780,2850,1,80,4,2950,3030
431,0,0,1,780,780,1,70,1,740,810
432,1,70,1,770,840,1,80,1,730,810
433,0,0,2,1380,1380,0,0,2,1380,1380
434,0,0,3,1920,1920,0,0,3,2340,2340
435,1,80,1,730,810,0,0,1,760,760
436,0,0,1,540,540,0,0,1,840,840
437,0,0,1,840,840,1,80,1,610,690
438,0,0,3,2160,2160,2,180,3,2040,2220
439,1,80,1,820,900,0,0,1,850,850
440,0,0,2,1440,1440,1,80,2,1310,1390
441,0,0,1,720,720,0,0,1,840,840
442,1,80,1,820,900,0,0,1,780,780
443,1,80,1,850,930,0,0,2,1080,1080
444,1,80,1,820,900,0,0,1,850,850
445,0,0,1,780,780,0,0,1,720,720
446,1,80,2,1330,1410,0,0,2,1500,1500
447,1,80,1,670,750,0,0,1,720,720
448,1,90,3,2160,2250,0,0,3,2160,2160
449,1,70,1,680,750,1,90,1,750,840
450,0,0,2,1380,1380,0,0,2,1560,1560
451,1,80,1,610,690,0,0,1,610,610
452,0,0,1,780,780,1,90,1,720,810
453,3,240,6,4140,4380,0,0,6,4440,4440
454,0,0,1,780,780,0,0,1,780,780
455,2,160,5,3620,3780,1,70,5,3660,3730
456,1,80,1,730,810,0,0,1,840,840
457,1,70,1,740,810,1,80,1,610,690
458,0,0,1,840,840,0,0,1,840,840
459,2,170,4,2770,2940,0,0,4,3060,3060
460,1,90,3,2040,2130,1,90,3,2220,2310
461,3,220,8,5570,5790,1,70,8,5600,5670
462,0,0,1,780,780,0,0,1,840,840
463,1,80,2,1510,1590,1,80,2,1330,1410
464,2,150,5,3660,3810,0,0,6,4020,4020
465,0,0,1,780,780,0,0,1,540,540
466,1,80,3,1900,1980,0,0,3,2140,2140
467,0,0,2,1260,1260,0,0,2,1500,1500
468,0,0,1,540,540,0,0,1,600,600
469,1,80,1,670,750,0,0,1,720,720
470,1,80,1,790,870,0,0,1,720,720
471,0,0,3,2100,2100,0,0,3,2100,2100
472,1,80,1,850,930,0,0,1,850,850
473,0,0,2,1260,1260,0,0,2,1560,1560
474,0,0,2,1380,1380,1,80,2,1390,1470
475,1,80,1,790,870,1,80,1,790,870
476,0,0,1,660,660,0,0,1,660,660
477,1,90,1,720,810,0,0,1,840,840
478,0,0,1,600,600,0,0,1,600,600
479,1,90,1,690,780,1,80,1,700,780
480,1,90,7,4950,5040,0,0,7,4990,4990
481,1,70,1,680,750,0,0,1,660,660
482,2,150,3,2190,2340,0,0,3,2400,2400
483,0,0,1,780,780,0,0,1,840,840
484,1,80,1,730,810,1,80,1,640,720
485,0,0,3,1860,1860,0,0,3,2340,2340
486,0,0,1,720,720,0,0,1,790,790
487,1,90,2,1440,1530,0,0,2,1560,1560
488,0,0,1,540,540,0,0,1,840,840
489,1,80,1,760,840,0,0,1,840,840
490,0,0,1,600,600,0,0,1,780,780
491,0,0,1,780,780,0,0,1,730,730
492,1,80,3,2080,2160,0,0,3,2160,2160
493,1,80,1,730,810,1,80,1,670,750
494,1,80,1,850,930,0,0,1,840,840
495,1,90,1,600,690,1,80,1,760,840
496,0,0,1,780,780,0,0,1,820,820
497,0,0,2,1380,1380,0,0,2,1560,1560
498,0,0,2,1200,1200,0,0,2,1440,1440
499,0,0,3,2160,2160,0,0,3,2280,2280
500,1,70,2,1550,1620,0,0,2,1560,1560
501,0,0,6,4500,4500,1,80,7,4570,4650
502,0,0,1,720,720,0,0,1,720,720
503,1,70,4,2870,2940,1,70,4,2840,2910
504,0,0,2,1560,1560,0,0,2,1600,1600
505,1,90,1,720,810,0,0,1,780,780
506,1,80,1,550,630,0,0,1,780,780
507,0,0,1,600,600,0,0,1,600,600
508,1,80,1,730,810,1,90,1,600,690
509,0,0,1,780,780,0,0,1,780,780
510,0,0,2,1260,1260,0,0,2,1260,1260
511,1,80,2,1540,1620,2,170,2,1420,1590
512,1,90,1,540,630,0,0,1,600,600
513,1,80,2,1420,1500,0,0,2,1500,1500
514,1,80,1,610,690,1,80,1,820,900
515,1,70,1,680,750,1,80,1,670,750
516,0,0,1,840,840,0,0,1,840,840
517,1,70,2,1460,1530,0,0,2,1540,1540
518,0,0,2,1500,1500,0,0,2,1510,1510
519,0,0,1,600,600,0,0,1,730,730
520,0,0,1,720,720,0,0,1,840,840
521,0,0,1,780,780,0,0,1,780,780
522,0,0,1,720,720,0,0,1,840,840
523,0,0,1,660,660,0,0,1,780,780
524,0,0,1,840,840,1,90,1,600,690
525,0,0,2,1560,1560,0,0,2,1560,1560
526,0,0,1,660,660,0,0,1,780,780
527,0,0,1,540,540,1,80,1,610,690
528,0,0,2,1560,1560,0,0,2,1560,1560
529,0,0,1,600,600,0,0,1,790,790
530,0,0,4,2580,2580,2,170,4,2530,2700
531,1,80,1,730,810,1,80,1,790,870
532,0,0,1,600,600,0,0,1,840,840
533,0,0,1,720,720,0,0,1,780,780
534,1,70,1,710,780,0,0,1,780,780
535,0,0,1,540,540,0,0,1,780,780
536,0,0,1,720,720,0,0,1,720,720
537,0,0,1,720,720,0,0,1,840,840
538,1,70,1,800,870,0,0,1,820,820
539,1,80,2,1240,1320,1,80,2,1540,1620
540,0,0,1,600,600,0,0,1,720,720
541,0,0,1,720,720,1,90,1,600,690
542,0,0,1,660,660,0,0,1,660,660
543,1,70,1,770,840,1,80,1,790,870
544,0,0,1,780,780,0,0,1,780,780
545,0,0,1,540,540,0,0,1,660,660
546,0,0,1,600,600,0,0,1,780,780
547,0,0,1,660,660,0,0,1,600,600
548,0,0,1,660,660,0,0,1,660,660
549,0,0,2,1500,1500,0,0,2,1500,1500
550,0,0,1,840,840,0,0,1,840,840
551,0,0,2,1260,1260,0,0,2,1260,1260
552,1,80,1,850,930,0,0,2,1200,1200
553,2,150,4,2640,2790,2,160,4,2630,2790
554,1,90,1,660,750,1,90,1,780,870
555,1,80,1,670,750,0,0,1,840,840
556,0,0,1,600,600,0,0,2,1440,1440
557,0,0,3,2160,2160,1,80,3,2320,2400
558,0,0,1,600,600,0,0,1,780,780
559,0,0,1,600,600,0,0,1,780,780
560,0,0,3,2100,2100,0,0,3,2170,2170
561,0,0,1,660,660,0,0,1,780,780
562,1,70,1,560,630,1,90,1,660,750
563,0,0,2,1320,1320,0,0,2,1320,1320
564,0,0,4,2820,2820,0,0,4,2940,2940
565,1,80,1,730,810,1,80,1,730,810
566,1,80,2,1240,1320,0,0,2,1260,1260
567,1,80,1,790,870,0,0,1,840,840
568,0,0,1,660,660,0,0,1,840,840
569,1,80,1,700,780,1,70,1,710,780
570,1,70,2,1220,1290,0,0,2,1450,1450
571,0,0,1,600,600,0,0,1,840,840
572,1,80,2,1450,1530,1,80,2,1450,1530
573,1,80,1,550,630,0,0,1,840,840
574,0,0,1,780,780,0,0,1,790,790
575,1,90,4,2820,2910,0,0,4,2940,2940
576,0,0,1,780,780,0,0,1,720,720
577,1,70,1,680,750,0,0,1,850,850
578,1,80,3,2200,2280,0,0,3,2290,2290
579,0,0,2,1260,1260,2,140,2,1420,1560
580,0,0,2,1320,1320,0,0,2,1620,1620
581,0,0,2,1440,1440,1,70,2,1550,1620
582,1,90,1,600,690,1,90,1,780,870
583,1,80,3,2170,2250,1,70,3,2180,2250
584,0,0,2,1440,1440,0,0,2,1440,1440
585,0,0,2,1380,1380,1,80,2,1420,1500
586,1,70,1,830,900,1,80,1,820,900
587,0,0,2,1380,1380,2,160,2,1400,1560
588,1,80,1,850,930,0,0,2,1080,1080
589,2,160,5,3620,3780,4,330,5,3420,3750
590,0,0,3,2340,2340,1,80,3,2290,2370
591,0,0,3,1800,1800,0,0,3,1800,1800
592,0,0,1,600,600,0,0,1,720,720
593,0,0,2,1440,1440,0,0,2,1620,1620
594,0,0,1,540,540,1,70,1,740,810
595,0,0,1,780,780,0,0,1,780,780
596,1,80,1,670,750,1,90,1,750,840
597,1,70,2,1250,1320,1,80,2,1240,1320
598,0,0,1,600,600,0,0,1,780,780
599,1,80,2,1630,1710,0,0,2,1630,1630
600,1,80,1,760,840,1,80,1,790,870
601,0,0,3,1860,1860,0,0,3,2160,2160
602,0,0,1,600,600,0,0,1,780,780
603,0,0,1,780,780,0,0,1,780,780
604,0,0,1,780,780,0,0,1,780,780
605,0,0,1,840,840,0,0,1,760,760
606,1,90,1,720,810,0,0,1,840,840
607,0,0,1,540,540,0,0,1,780,780
608,0,0,1,780,780,0,0,1,780,780
609,0,0,1,600,600,1,90,1,780,870
610,0,0,6,4380,4380,0,0,6,4260,4260
611,1,80,1,790,870,1,90,1,780,870
612,0,0,3,1980,1980,0,0,3,2160,2160
613,0,0,3,2340,2340,0,0,3,2100,2100
614,1,90,1,780,870,0,0,1,790,790
615,0,0,1,780,780,0,0,1,780,780
616,1,90,1,600,690,1,80,1,760,840
617,0,0,1,660,660,0,0,1,780,780
618,0,0,1,540,540,0,0,1,780,780
619,1,80,3,1990,2070,2,180,3,2070,2250
620,0,0,1,780,780,0,0,1,780,780
621,0,0,3,2400,2400,1,90,3,2400,2490
622,0,0,1,780,780,0,0,1,600,600
623,0,0,1,600,600,0,0,1,540,540
624,1,70,3,2120,2190,0,0,3,2220,2220
625,2,150,3,2190,2340,0,0,3,1980,1980
626,0,0,1,780,780,0,0,1,780,780
627,2,160,2,1580,1740,1,80,2,1630,1710
628,1,80,3,2080,2160,0,0,3,2220,2220
629,0,0,1,780,780,0,0,1,780,780
630,1,90,1,750,840,0,0,1,760,760
631,1,80,2,1360,1440,0,0,2,1560,1560
632,0,0,2,1140,1140,0,0,2,1200,1200
633,0,0,1,600,600,0,0,1,720,720
634,0,0,1,720,720,0,0,1,780,780
635,1,80,1,610,690,0,0,1,760,760
636,0,0,1,780,780,1,80,1,790,870
637,1,80,1,670,750,0,0,1,840,840
638,1,80,1,670,750,0,0,1,720,720
639,2,140,2,1210,1350,0,0,2,1500,1500
640,1,80,1,700,780,0,0,1,780,780
641,0,0,1,720,720,0,0,1,840,840
642,1,80,1,670,750,1,80,1,730,810
643,0,0,1,720,720,0,0,1,720,720
644,0,0,1,780,780,0,0,1,780,780
645,0,0,2,1620,1620,0,0,2,1570,1570
646,0,0,1,780,780,0,0,1,780,780
647,0,0,2,1440,1440,0,0,2,1440,1440
648,1,80,3,2020,2100,1,80,3,2110,2190
649,0,0,3,2160,2160,2,150,3,2100,2250
650,0,0,1,840,840,1,80,1,760,840
651,0,0,1,720,720,0,0,1,660,660
652,1,90,1,600,690,0,0,1,790,790
653,1,80,4,2680,2760,0,0,4,3060,3060
654,0,0,3,2340,2340,0,0,3,2290,2290
655,1,90,2,1530,1620,1,80,2,1180,1260
656,0,0,1,540,540,0,0,1,840,840
657,1,90,1,810,900,0,0,1,840,840
658,0,0,1,540,540,0,0,1,540,540
659,1,90,1,660,750,0,0,1,730,730
660,2,160,2,1370,1530,1,80,2,1480,1560
661,0,0,1,780,780,1,80,1,730,810
662,1,80,1,730,810,1,80,1,730,810
663,0,0,1,600,600,0,0,1,660,660
664,0,0,2,1320,1320,0,0,2,1440,1440
665,0,0,1,660,660,0,0,1,720,720
666,1,80,1,670,750,1,80,1,730,810
667,1,80,1,670,750,0,0,1,840,840
668,1,80,2,1330,1410,0,0,2,1560,1560
669,0,0,1,600,600,0,0,1,600,600
670,1,70,1,620,690,1,70,1,860,930
671,0,0,3,1980,1980,0,0,3,1860,1860
672,0,0,2,1140,1140,0,0,2,1140,1140
673,0,0,2,1500,1500,0,0,2,1560,1560
674,0,0,1,780,780,1,70,1,740,810
675,1,80,2,1660,1740,1,70,2,1310,1380
676,0,0,1,600,600,0,0,1,600,600
677,1,80,1,730,810,0,0,1,780,780
678,0,0,1,780,780,1,80,1,610,690
679,1,70,3,2270,2340,1,70,3,2270,2340
680,0,0,1,600,600,0,0,1,780,780
681,1,90,1,660,750,1,80,1,790,870
682,0,0,1,720,720,0,0,1,780,780
683,0,0,3,1860,1860,2,150,3,2040,2190
684,1,80,1,700,780,0,0,1,780,780
685,1,80,1,730,810,0,0,1,780,780
686,0,0,3,1740,1740,0,0,3,1800,1800
687,1,70,5,3920,3990,0,0,6,4080,4080
688,0,0,1,780,780,0,0,1,780,780
689,0,0,1,780,780,0,0,1,780,780
690,1,90,1,840,930,0,0,1,840,840
691,0,0,2,1380,1380,0,0,2,1500,1500
692,1,70,1,770,840,0,0,1,840,840
693,0,0,1,720,720,1,80,1,610,690
694,0,0,1,840,840,0,0,1,840,840
695,0,0,2,1320,1320,0,0,2,1560,1560
696,0,0,1,660,660,0,0,1,790,790
697,0,0,2,1500,1500,1,80,2,1450,1530
698,0,0,1,600,600,0,0,1,540,540
699,1,80,1,790,870,0,0,1,840,840
700,0,0,2,1440,1440,0,0,2,1440,1440
701,0,0,2,1260,1260,0,0,2,1510,1510
702,0,0,1,840,840,0,0,1,840,840
703,1,70,1,770,840,0,0,1,780,780
704,1,80,1,610,690,1,70,1,620,690
705,0,0,1,720,720,0,0,1,780,780
706,1,80,1,790,870,0,0,1,840,840
707,1,80,2,1540,1620,0,0,2,1620,1620
708,0,0,2,1200,1200,0,0,2,1440,1440
709,0,0,3,2160,2160,1,80,3,2210,2290
710,1,80,1,820,900,1,80,1,820,900
711,0,0,3,1920,1920,0,0,3,2400,2400
712,1,90,8,5610,5700,3,240,7,5310,5550
713,0,0,1,780,780,1,80,1,730,810
714,0,0,1,540,540,0,0,1,600,600
715,1,80,2,1330,1410,1,70,2,1340,1410
716,0,0,2,1620,1620,0,0,2,1500,1500
717,2,150,3,2130,2280,0,0,3,2280,2280
718,0,0,2,1140,1140,0,0,2,1390,1390
719,1,80,1,820,900,0,0,1,720,720
720,1,70,3,2030,2100,0,0,3,2160,2160
721,1,90,2,1170,1260,0,0,2,1560,1560
722,0,0,1,720,720,0,0,1,840,840
723,0,0,2,1380,1380,1,90,2,1230,1320
724,0,0,1,780,780,0,0,1,780,780
725,1,70,1,680,750,0,0,1,840,840
726,1,80,2,1450,1530,0,0,2,1320,1320
727,0,0,1,780,780,0,0,1,540,540
728,0,0,1,600,600,0,0,1,660,660
729,0,0,1,540,540,0,0,1,540,540
730,1,80,3,1840,1920,0,0,3,2280,2280
731,0,0,1,600,600,0,0,1,780,780
732,0,0,1,720,720,0,0,1,660,660
733,0,0,1,720,720,0,0,1,720,720
734,1,90,2,1530,1620,1,80,2,1570,1650
735,0,0,1,720,720,0,0,1,720,720
736,1,80,1,640,720,0,0,1,780,780
737,1,80,1,820,900,0,0,1,600,600
738,0,0,1,540,540,0,0,1,670,670
739,1,80,1,730,810,0,0,1,840,840
740,1,80,1,610,690,0,0,1,780,780
741,0,0,1,780,780,0,0,1,780,780
742,1,70,1,800,870,0,0,1,840,840
743,1,70,1,740,810,0,0,1,600,600
744,0,0,1,720,720,1,70,1,860,930
745,0,0,1,720,720,0,0,1,780,780
746,0,0,1,720,720,0,0,1,840,840
747,0,0,1,600,600,0,0,1,660,660
748,0,0,1,660,660,0,0,1,780,780
749,0,0,1,780,780,0,0,1,840,840
750,0,0,5,3660,3660,1,70,5,3500,3570
751,0,0,1,780,780,1,80,1,730,810
752,1,90,1,750,840,0,0,1,760,760
753,1,80,1,790,870,1,70,1,860,930
754,1,80,3,1900,1980,0,0,3,1980,1980
755,0,0,1,720,720,0,0,1,780,780
756,1,80,1,610,690,0,0,1,660,660
757,0,0,2,1260,1260,1,80,2,1270,1350
758,3,230,5,3610,3840,1,70,5,3860,3930
759,1,80,1,700,780,0,0,1,780,780
760,1,80,1,820,900,0,0,1,780,780
761,1,70,1,770,840,0,0,1,840,840
762,0,0,1,600,600,0,0,1,540,540
763,1,90,2,1620,1710,2,150,2,1560,1710
764,1,80,2,1540,1620,1,80,2,1540,1620
765,0,0,1,720,720,0,0,1,720,720
766,1,80,1,790,870,1,90,1,810,900
767,2,150,9,6510,6660,1,90,9,6540,6630
768,0,0,1,780,780,0,0,1,780,780
769,0,0,1,780,780,0,0,1,780,780
770,1,90,2,1320,1410,0,0,2,1620,1620
771,1,70,3,2480,2550,0,0,3,2470,2470
772,1,80,2,1630,1710,1,90,2,1620,1710
773,1,80,1,850,930,0,0,2,1140,1140
774,1,90,1,750,840,0,0,1,840,840
775,0,0,1,660,660,0,0,1,780,780
776,1,90,1,720,810,0,0,1,840,840
777,0,0,1,600,600,0,0,1,780,780
778,0,0,2,1380,1380,0,0,2,1380,1380
779,0,0,2,1440,1440,0,0,2,1500,1500
780,1,80,2,1450,1530,0,0,2,1560,1560
781,0,0,1,720,720,0,0,1,540,540
782,0,0,3,1920,1920,0,0,3,1980,1980
783,0,0,1,600,600,0,0,1,780,780
784,0,0,1,720,720,0,0,1,720,720
785,1,70,3,1940,2010,0,0,3,2200,2200
786,0,0,2,1500,1500,0,0,1,600,600
787,1,90,4,2670,2760,0,0,4,3060,3060
788,0,0,1,600,600,0,0,1,660,660
789,1,90,2,1530,1620,0,0,2,1620,1620
790,0,0,1,720,720,0,0,1,840,840
791,0,0,1,720,720,0,0,1,720,720
792,0,0,1,540,540,0,0,1,840,840
793,0,0,1,600,600,0,0,1,660,660
794,1,70,1,800,870,1,90,1,540,630
795,2,160,2,1550,1710,1,90,2,1560,1650
796,1,80,1,670,750,0,0,1,780,780
797,0,0,1,660,660,0,0,1,780,780
798,0,0,3,2100,2100,0,0,3,2340,2340
799,0,0,1,780,780,0,0,1,540,540
800,0,0,3,1980,1980,0,0,3,2220,2220
801,0,0,2,1200,1200,1,70,2,1220,1290
802,0,0,1,660,660,0,0,1,840,840
803,0,0,1,540,540,0,0,1,780,780
804,0,0,1,840,840,0,0,1,840,840
805,0,0,1,600,600,0,0,1,840,840
806,2,150,3,2340,2490,1,80,4,2590,2670
807,0,0,1,540,540,0,0,1,660,660
808,1,90,2,1200,1290,0,0,2,1500,1500
809,1,80,2,1390,1470,0,0,2,1380,1380
810,1,70,2,1610,1680,0,0,2,1680,1680
811,1,70,4,2720,2790,0,0,4,3060,3060
812,1,80,1,610,690,1,90,1,600,690
813,0,0,1,540,540,1,80,1,610,690
814,2,140,4,2830,2970,1,90,4,2940,3030
815,0,0,1,600,600,0,0,1,600,600
816,0,0,1,720,720,1,80,1,790,870
817,0,0,1,840,840,0,0,1,840,840
818,1,90,2,1560,1650,0,0,2,1620,1620
819,0,0,2,1080,1080,0,0,2,1080,1080
820,1,90,3,2040,2130,1,80,3,2050,2130
821,0,0,1,720,720,1,90,1,660,750
822,1,80,3,1960,2040,0,0,3,2280,2280
823,1,80,1,610,690,1,90,1,600,690
824,0,0,1,780,780,0,0,1,780,780
825,0,0,1,840,840,0,0,1,540,540
826,0,0,1,540,540,0,0,1,730,730
827,0,0,1,600,600,0,0,1,780,780
828,1,70,1,740,810,0,0,1,780,780
829,1,90,1,780,870,1,80,1,790,870
830,0,0,3,2100,2100,0,0,3,2280,2280
831,0,0,2,1380,1380,1,90,2,1380,1470
832,0,0,1,540,540,0,0,1,600,600
833,0,0,1,660,660,1,70,1,800,870
834,0,0,1,600,600,0,0,1,720,720
835,1,70,2,1610,1680,2,150,2,1350,1500
836,0,0,2,1560,1560,1,80,2,1510,1590
837,0,0,1,540,540,0,0,1,780,780
838,0,0,1,600,600,0,0,1,600,600
839,1,80,5,3220,3300,2,150,4,3180,3330
840,0,0,1,720,720,0,0,1,720,720
841,0,0,2,1260,1260,0,0,2,1140,1140
842,1,80,2,1450,1530,1,80,2,1450,1530
843,0,0,1,780,780,1,80,1,730,810
844,0,0,2,1260,1260,0,0,2,1500,1500
845,0,0,4,2580,2580,1,90,4,2580,2670
846,0,0,1,780,780,0,0,1,840,840
847,0,0,2,1320,1320,0,0,2,1320,1320
848,1,80,4,2860,2940,1,70,4,2900,2970
849,0,0,1,780,780,0,0,1,780,780
850,0,0,3,2160,2160,2,160,3,2000,2160
851,0,0,3,2220,2220,2,170,3,2110,2280
852,3,230,6,4120,4350,1,90,6,4320,4410
853,0,0,1,600,600,0,0,1,600,600
854,1,90,3,2160,2250,0,0,3,2400,2400
855,0,0,1,840,840,0,0,1,840,840
856,0,0,3,2100,2100,0,0,3,2280,2280
857,0,0,2,1560,1560,0,0,2,1560,1560
858,0,0,1,840,840,0,0,1,840,840
859,0,0,4,2820,2820,2,150,4,2820,2970
860,1,90,2,1380,1470,1,80,2,1390,1470
861,1,90,2,1260,1350,0,0,2,1200,1200
862,0,0,1,660,660,0,0,1,670,670
863,0,0,1,540,540,0,0,1,540,540
864,3,270,3,2220,2490,0,0,4,2640,2640
865,0,0,2,1320,1320,1,70,2,1430,1500
866,0,0,1,720,720,1,70,1,680,750
867,0,0,1,720,720,0,0,1,720,720
868,0,0,3,2220,2220,0,0,3,2280,2280
869,2,170,3,2080,2250,0,0,3,2280,2280
870,0,0,1,600,600,0,0,1,610,610
871,0,0,1,540,540,0,0,1,780,780
872,0,0,1,780,780,0,0,1,780,780
873,0,0,2,1380,1380,0,0,2,1560,1560
874,0,0,1,600,600,0,0,1,600,600
875,1,80,1,670,750,0,0,1,780,780
876,0,0,2,1380,1380,1,80,2,1570,1650
877,0,0,1,720,720,1,80,1,580,660
878,1,80,1,730,810,1,70,1,800,870
879,1,70,1,830,900,1,70,1,560,630
880,0,0,2,1680,1680,1,90,2,1500,1590
881,1,80,1,610,690,0,0,1,780,780
882,1,80,1,670,750,0,0,1,540,540
883,1,70,3,2300,2370,0,0,3,2380,2380
884,1,70,1,560,630,0,0,1,600,600
885,1,70,1,740,810,0,0,1,780,780
886,1,70,1,680,750,1,80,1,790,870
887,0,0,2,1560,1560,1,80,2,1480,1560
888,1,70,6,3890,3960,3,230,5,3850,4080
889,0,0,1,780,780,0,0,1,840,840
890,0,0,1,780,780,1,90,1,660,750
891,0,0,1,780,780,0,0,1,780,780
892,0,0,1,840,840,0,0,1,840,840
893,0,0,1,720,720,0,0,1,720,720
894,1,90,2,1680,1770,0,0,3,1860,1860
895,1,80,1,850,930,1,80,1,670,750
896,0,0,1,840,840,0,0,1,760,760
897,0,0,3,2100,2100,0,0,3,2100,2100
898,1,70,1,560,630,1,90,1,660,750
899,1,90,1,810,900,0,0,1,540,540
900,1,80,2,1270,1350,0,0,2,1320,1320
901,1,70,2,1190,1260,0,0,2,1440,1440
902,0,0,1,660,660,0,0,1,720,720
903,0,0,1,780,780,0,0,1,780,780
904,0,0,1,720,720,0,0,1,840,840
905,0,0,2,1560,1560,0,0,2,1560,1560
906,0,0,3,2100,2100,0,0,3,2340,2340
907,1,90,1,660,750,0,0,1,780,780
908,1,80,1,610,690,0,0,1,840,840
909,1,90,2,1590,1680,1,70,2,1580,1650
910,0,0,1,780,780,0,0,1,780,780
911,0,0,2,1500,1500,0,0,2,1500,1500
912,0,0,2,1380,1380,1,70,2,1340,1410
913,1,80,1,670,750,0,0,1,660,660
914,1,80,2,1270,1350,0,0,2,1330,1330
915,2,150,3,2130,2280,2,170,3,2170,2340
916,1,90,2,1500,1590,1,80,2,1600,1680
917,1,70,1,740,810,1,80,1,730,810
918,1,90,1,780,870,1,70,1,530,600
919,0,0,1,600,600,0,0,1,780,780
920,1,80,1,730,810,0,0,1,790,790
921,0,0,1,780,780,1,70,1,620,690
922,0,0,1,780,780,0,0,1,780,780
923,0,0,1,780,780,0,0,1,700,700
924,1,90,8,5580,5670,1,70,8,5750,5820
925,1,80,3,2140,2220,0,0,3,2280,2280
926,0,0,2,1440,1440,2,160,2,1280,1440
927,0,0,1,780,780,0,0,1,780,780
928,1,70,2,1490,1560,0,0,2,1560,1560
929,1,80,1,730,810,1,90,1,720,810
930,1,80,3,1930,2010,0,0,3,2260,2260
931,0,0,1,840,840,0,0,1,840,840
932,1,70,1,740,810,1,80,1,790,870
933,1,80,3,2170,2250,0,0,3,2280,2280
934,0,0,3,2160,2160,0,0,3,2230,2230
935,0,0,2,1260,1260,0,0,2,1620,1620
936,0,0,1,720,720,0,0,1,780,780
937,0,0,1,540,540,0,0,1,840,840
938,0,0,1,600,600,0,0,1,780,780
939,1,90,2,1560,1650,0,0,2,1570,1570
940,1,90,3,2220,2310,1,80,3,2230,2310
941,2,150,4,2880,3030,1,90,4,2940,3030
942,0,0,2,1260,1260,1,80,2,1330,1410
943,0,0,1,600,600,0,0,1,780,780
944,0,0,3,2220,2220,0,0,3,2220,2220
945,0,0,1,720,720,1,80,1,520,600
946,0,0,2,1560,1560,0,0,2,1380,1380
947,0,0,1,540,540,0,0,1,540,540
948,1,70,2,1550,1620,0,0,2,1620,1620
949,0,0,1,540,540,0,0,1,540,540
950,1,80,2,1450,1530,0,0,2,1560,1560
951,1,90,1,750,840,0,0,1,790,790
952,1,80,1,610,690,0,0,1,780,780
953,1,80,4,2710,2790,0,0,4,2820,2820
954,0,0,1,600,600,0,0,1,780,780
955,0,0,1,780,780,0,0,1,780,780
956,1,80,1,820,900,0,0,1,820,820
957,1,80,2,1390,1470,0,0,2,1480,1480
958,1,70,4,2990,3060,2,150,4,2880,3030
959,1,80,2,1330,1410,1,80,2,1510,1590
960,1,90,2,1380,1470,0,0,2,1560,1560
961,0,0,1,660,660,0,0,1,660,660
962,0,0,3,2160,2160,1,90,3,2130,2220
963,3,230,7,5470,5700,1,80,8,5590,5670
964,1,90,2,1440,1530,0,0,2,1260,1260
965,1,80,3,2290,2370,0,0,3,2320,2320
966,0,0,2,1260,1260,1,80,2,1210,1290
967,1,90,2,1500,1590,1,70,2,1550,1620
968,1,80,2,1270,1350,0,0,2,1440,1440
969,1,70,2,1550,1620,1,70,2,1550,1620
970,2,160,3,2150,2310,2,170,3,2080,2250
971,0,0,1,780,780,0,0,1,780,780
972,0,0,1,840,840,0,0,1,660,660
973,0,0,2,1500,1500,0,0,2,1440,1440
974,0,0,1,780,780,0,0,1,780,780
975,0,0,1,660,660,0,0,1,840,840
976,0,0,2,1380,1380,0,0,2,1380,1380
977,0,0,1,720,720,1,90,1,600,690
978,2,160,2,1340,1500,1,70,2,1460,1530
979,1,80,1,820,900,1,70,1,830,900
980,0,0,1,600,600,0,0,1,660,660
981,0,0,1,840,840,0,0,1,840,840
982,0,0,1,720,720,0,0,1,780,780
983,0,0,1,540,540,0,0,1,780,780
984,0,0,2,1620,1620,0,0,2,1320,1320
985,0,0,2,1320,1320,1,80,2,1480,1560
986,0,0,1,660,660,0,0,1,780,780
987,1,80,1,760,840,1,90,1,540,630
988,0,0,3,2340,2340,0,0,3,2160,2160
989,1,80,2,1300,1380,0,0,2,1570,1570
990,0,0,1,780,780,0,0,1,840,840
991,0,0,3,2100,2100,0,0,3,2400,2400
992,0,0,1,720,720,1,70,1,650,720
993,1,90,3,1590,1680,1,70,2,1610,1680
994,1,70,1,620,690,1,80,1,610,690
995,1,80,1,670,750,1,70,1,680,750
996,0,0,1,780,780,0,0,1,780,780
997,0,0,1,780,780,1,80,1,760,840
998,0,0,2,1320,1320,0,0,2,1380,1380
999,0,0,4,2880,2880,0,0,4,2920,2920
1000,0,0,1,720,720,0,0,1,780,780
1001,1,80,1,790,870,0,0,1,790,790
1002,1,80,2,1510,1590,0,0,2,1620,1620
1003,2,170,2,1450,1620,0,0,2,1680,1680
1004,0,0,1,600,600,0,0,1,720,720
1005,0,0,2,1200,1200,1,70,2,1070,1140
1006,0,0,1,780,780,0,0,1,840,840
1007,1,80,1,670,750,0,0,1,600,600
1008,0,0,4,2880,2880,1,80,4,2860,2940
1009,1,90,1,720,810,0,0,1,780,780
1010,0,0,1,720,720,0,0,1,840,840
1011,0,0,1,840,840,1,70,1,740,810
1012,0,0,1,600,600,0,0,1,780,780
1013,0,0,1,780,780,1,70,1,710,780
1014,0,0,2,1620,1620,0,0,2,1620,1620
1015,0,0,1,660,660,1,70,1,680,750
1016,0,0,1,780,780,0,0,1,780,780
1017,0,0,1,780,780,0,0,1,780,780
1018,0,0,1,840,840,0,0,1,720,720
1019,0,0,1,780,780,1,70,1,800,870
1020,2,160,2,1400,1560,0,0,2,1560,1560
1021,0,0,1,780,780,0,0,1,840,840
1022,0,0,3,2280,2280,1,70,3,2270,2340
1023,0,0,1,780,780,0,0,1,780,780
1024,1,70,3,2120,2190,2,170,3,2170,2340
1025,0,0,1,840,840,0,0,1,840,840
1026,1,80,3,1990,2070,0,0,3,2230,2230
1027,0,0,2,1620,1620,0,0,2,1620,1620
1028,0,0,2,1200,1200,1,80,2,1330,1410
1029,1,90,1,780,870,0,0,1,840,840
1030,0,0,1,540,540,0,0,1,540,540
1031,2,150,4,3000,3150,1,80,4,3020,3100
1032,0,0,1,780,780,0,0,1,780,780
1033,1,80,1,790,870,0,0,1,720,720
1034,0,0,3,1980,1980,1,90,3,1890,1980
1035,4,310,8,5480,5790,0,0,7,5580,5580
1036,0,0,1,600,600,0,0,1,790,790
1037,0,0,1,540,540,1,80,1,730,810
1038,1,90,1,510,600,0,0,1,720,720
1039,0,0,2,1260,1260,1,80,2,1240,1320
1040,0,0,2,1080,1080,1,70,1,860,930
1041,0,0,1,780,780,0,0,1,840,840
1042,0,0,2,1260,1260,0,0,2,1320,1320
1043,1,70,1,710,780,1,70,1,770,840
1044,1,90,1,660,750,0,0,1,720,720
1045,0,0,1,660,660,0,0,1,790,790
1046,1,90,5,3420,3510,0,0,5,3780,3780
1047,0,0,1,600,600,0,0,1,780,780
1048,0,0,3,2160,2160,0,0,3,2340,2340
1049,1,90,1,720,810,0,0,1,730,730
1050,2,180,3,1980,2160,0,0,3,2040,2040
1051,1,80,2,1450,1530,1,80,2,1450,1530
1052,0,0,2,1440,1440,2,150,2,1410,1560
1053,0,0,1,720,720,0,0,1,840,840
1054,1,90,1,810,900,0,0,1,780,780
1055,1,70,1,620,690,1,80,1,850,930
1056,2,170,2,1390,1560,1,80,2,1600,1680
1057,0,0,1,780,780,1,90,1,660,750
1058,1,90,1,660,750,1,80,1,670,750
1059,0,0,1,540,540,0,0,1,600,600
1060,0,0,2,1500,1500,0,0,2,1600,1600
1061,1,70,1,560,630,1,70,1,620,690
1062,1,80,2,1570,1650,1,80,2,1570,1650
1063,1,70,1,860,930,0,0,1,850,850
1064,0,0,2,1260,1260,1,70,2,1370,1440
1065,2,160,2,1490,1650,0,0,2,1630,1630
1066,0,0,1,780,780,0,0,1,780,780
1067,2,180,6,4110,4290,0,0,6,4320,4320
1068,1,80,4,2890,2970,1,80,4,2740,2820
1069,1,90,3,2010,2100,0,0,3,1920,1920
1070,0,0,1,540,540,0,0,1,840,840
1071,0,0,1,840,840,0,0,1,840,840
1072,0,0,3,2280,2280,0,0,3,1980,1980
1073,0,0,1,600,600,0,0,1,720,720
1074,0,0,1,600,600,1,90,1,540,630
1075,1,80,1,670,750,0,0,1,840,840
1076,1,70,1,800,870,1,80,1,790,870
1077,1,80,2,1450,1530,0,0,2,1440,1440
1078,1,80,3,2320,2400,1,70,3,2330,2400
1079,2,160,3,2240,2400,2,160,3,2210,2370
1080,1,80,1,610,690,0,0,1,790,790
1081,0,0,3,2280,2280,2,150,3,2160,2310
1082,0,0,2,1140,1140,1,70,1,860,930
1083,0,0,2,1260,1260,1,90,2,1390,1480
1084,0,0,2,1200,1200,0,0,2,1500,1500
1085,1,90,4,2940,3030,0,0,4,2760,2760
1086,1,80,1,760,840,0,0,1,840,840
1087,1,70,1,830,900,0,0,1,600,600
1088,0,0,2,1320,1320,1,70,2,1500,1570
1089,0,0,2,1200,1200,0,0,2,1320,1320
1090,0,0,1,840,840,1,90,1,780,870
1091,1,70,1,560,630,0,0,1,780,780
1092,0,0,1,540,540,0,0,1,610,610
1093,0,0,1,540,540,0,0,1,540,540
1094,1,80,2,1270,1350,0,0,2,1380,1380
1095,0,0,1,780,780,0,0,1,780,780
1096,0,0,2,1140,1140,1,90,1,840,930
1097,1,80,1,550,630,0,0,1,840,840
1098,1,80,3,2230,2310,0,0,3,2230,2230
1099,1,90,2,1440,1530,1,80,2,1390,1470
1100,0,0,1,660,660,0,0,1,670,670
1101,0,0,1,600,600,0,0,1,600,600
1102,0,0,2,1320,1320,0,0,2,1500,1500
1103,0,0,2,1560,1560,0,0,2,1440,1440
1104,0,0,2,1260,1260,0,0,2,1500,1500
1105,1,90,1,840,930,0,0,1,850,850
1106,0,0,1,540,540,0,0,1,600,600
1107,1,80,1,820,900,0,0,1,600,600
1108,0,0,1,600,600,0,0,1,660,660
1109,1,80,1,790,870,1,80,1,820,900
1110,1,80,4,2950,3030,1,80,4,2890,2970
1111,1,90,1,780,870,1,90,1,780,870
1112,1,90,2,1320,1410,1,80,2,1420,1500
1113,0,0,4,2460,2460,0,0,3,2400,2400
1114,0,0,2,1260,1260,0,0,2,1560,1560
1115,0,0,5,3540,3540,3,250,5,3230,3480
1116,0,0,3,1860,1860,0,0,3,2140,2140
1117,1,80,1,550,630,0,0,1,720,720
1118,0,0,2,1440,1440,0,0,2,1450,1450
1119,0,0,1,840,840,0,0,1,840,840
1120,0,0,1,540,540,1,80,1,790,870
1121,0,0,3,1920,1920,0,0,3,2220,2220
1122,1,80,1,730,810,1,80,1,790,870
1123,0,0,2,1440,1440,0,0,2,1620,1620
1124,0,0,2,1500,1500,0,0,2,1200,1200
1125,1,70,1,680,750,1,80,1,670,750
1126,0,0,1,780,780,0,0,1,780,780
1127,0,0,1,840,840,0,0,1,840,840
1128,0,0,1,780,780,0,0,1,730,730
1129,0,0,1,780,780,0,0,1,780,780
1130,1,90,1,660,750,1,90,1,660,750
1131,0,0,1,600,600,0,0,1,600,600
1132,1,90,2,1590,1680,1,70,2,1640,1710
1133,0,0,2,1380,1380,2,140,2,1150,1290
1134,1,80,1,790,870,1,70,1,680,750
1135,0,0,1,600,600,1,80,1,670,750
1136,0,0,1,660,660,1,80,1,610,690
1137,0,0,2,1320,1320,1,80,2,1450,1530
1138,1,80,2,1510,1590,1,80,2,1460,1540
1139,0,0,1,720,720,0,0,1,780,780
1140,0,0,1,780,780,0,0,1,780,780
1141,0,0,1,720,720,1,80,1,700,780
1142,0,0,1,780,780,1,80,1,670,750
1143,1,80,1,730,810,1,80,1,580,660
1144,1,90,1,600,690,0,0,1,720,720
1145,0,0,1,720,720,0,0,1,840,840
1146,1,90,2,1260,1350,0,0,2,1510,1510
1147,1,90,1,510,600,0,0,1,600,600
1148,1,80,1,520,600,0,0,1,660,660
1149,0,0,1,780,780,0,0,1,720,720
1150,0,0,1,840,840,0,0,1,660,660
1151,1,80,1,610,690,1,80,1,730,810
1152,1,70,1,860,930,1,70,1,860,930
1153,3,230,6,3940,4170,1,70,6,4010,4080
1154,0,0,3,2100,2100,0,0,3,2340,2340
1155,0,0,1,540,540,0,0,1,780,780
1156,2,150,3,2130,2280,0,0,3,2280,2280
1157,0,0,1,780,780,0,0,1,780,780
1158,3,240,3,2100,2340,1,90,3,2400,2490
1159,0,0,2,1380,1380,1,90,2,1170,1260
1160,0,0,1,780,780,0,0,1,780,780
1161,1,80,2,1270,1350,0,0,2,1510,1510
1162,1,90,4,2790,2880,1,80,4,2860,2940
1163,1,90,1,600,690,0,0,1,600,600
1164,2,170,3,1990,2160,0,0,3,1920,1920
1165,0,0,1,780,780,0,0,1,780,780
1166,0,0,2,1500,1500,1,70,2,1460,1530
1167,1,80,1,640,720,1,70,1,740,810
1168,0,0,1,660,660,0,0,1,840,840
1169,0,0,1,780,780,0,0,1,660,660
1170,1,70,1,680,750,0,0,1,780,780
1171,0,0,1,780,780,0,0,1,780,780
1172,1,70,2,1340,1410,0,0,2,1380,1380
1173,0,0,1,780,780,0,0,1,780,780
1174,1,80,1,790,870,0,0,1,780,780
1175,2,150,2,1470,1620,0,0,2,1570,1570
1176,0,0,1,600,600,0,0,1,660,660
1177,1,70,1,740,810,0,0,1,780,780
1178,0,0,3,1980,1980,1,70,3,2180,2250
1179,1,80,1,850,930,0,0,2,1140,1140
1180,1,80,4,2860,2940,0,0,4,3000,3000
1181,0,0,1,660,660,0,0,1,720,720
1182,0,0,1,600,600,0,0,1,540,540
1183,1,80,1,670,750,0,0,1,840,840
1184,1,90,1,540,630,0,0,1,730,730
1185,0,0,3,1980,1980,1,90,3,2340,2430
1186,1,70,1,680,750,0,0,1,780,780
1187,1,70,4,3110,3180,2,170,4,3130,3300
1188,1,90,1,660,750,0,0,1,670,670
1189,0,0,1,780,780,1,80,1,820,900
1190,0,0,1,720,720,0,0,1,780,780
1191,2,150,2,1500,1650,1,90,2,1560,1650
1192,1,80,2,1300,1380,1,90,2,1320,1410
1193,0,0,1,540,540,0,0,1,720,720
1194,0,0,2,1380,1380,0,0,2,1480,1480
1195,0,0,1,780,780,0,0,1,840,840
1196,0,0,1,600,600,0,0,1,600,600
1197,0,0,1,600,600,0,0,1,780,780
1198,0,0,2,1320,1320,0,0,2,1510,1510
1199,0,0,2,1500,1500,0,0,2,1500,1500
1200,1,80,2,1420,1500,1,70,2,1430,1500
1201,0,0,1,720,720,1,80,1,670,750
1202,0,0,4,2820,2820,2,150,4,2760,2910
1203,0,0,2,1560,1560,0,0,2,1560,1560
1204,1,80,1,610,690,0,0,1,720,720
1205,0,0,2,1140,1140,0,0,2,1200,1200
1206,0,0,1,600,600,1,90,1,600,690
1207,1,70,3,2120,2190,1,70,3,2100,2170
1208,2,140,4,2650,2790,1,80,4,2740,2820
1209,0,0,1,660,660,1,80,1,550,630
1210,0,0,1,720,720,1,90,1,660,750
1211,0,0,2,1620,1620,1,80,2,1570,1650
1212,0,0,1,780,780,0,0,1,840,840
1213,0,0,3,2100,2100,2,160,3,2210,2370
1214,1,80,1,610,690,0,0,1,720,720
1215,0,0,1,600,600,0,0,1,840,840
1216,0,0,2,1560,1560,1,70,2,1520,1590
1217,0,0,1,720,720,0,0,1,720,720
1218,1,80,1,670,750,0,0,1,780,780
1219,1,70,1,680,750,0,0,1,720,720
1220,2,160,4,2870,3030,0,0,4,2980,2980
1221,0,0,1,780,780,0,0,1,780,780
1222,0,0,2,1320,1320,0,0,2,1320,1320
1223,1,90,2,1500,1590,0,0,2,1440,1440
1224,1,70,1,680,750,0,0,1,600,600
1225,0,0,2,1500,1500,0,0,2,1380,1380
1226,1,90,4,2640,2730,2,150,3,2400,2550
1227,0,0,1,540,540,0,0,1,840,840
1228,0,0,3,2100,2100,2,150,3,2010,2160
1229,0,0,5,3900,3900,1,80,5,3790,3870
1230,0,0,1,780,780,0,0,1,780,780
1231,1,90,1,720,810,0,0,1,790,790
1232,0,0,1,780,780,0,0,1,780,780
1233,1,80,1,520,600,0,0,1,600,600
1234,0,0,3,2340,2340,1,80,3,2210,2290
1235,0,0,1,780,780,0,0,1,600,600
1236,0,0,1,600,600,0,0,1,840,840
1237,1,80,2,1330,1410,0,0,2,1500,1500
1238,1,70,2,1460,1530,1,70,2,1460,1530
1239,1,80,1,670,750,0,0,1,730,730
1240,1,70,1,830,900,1,80,1,790,870
1241,0,0,1,600,600,0,0,1,610,610
1242,1,90,2,1380,1470,0,0,2,1390,1390
1243,0,0,2,1080,1080,1,80,1,850,930
1244,1,80,2,1480,1560,1,90,2,1320,1410
1245,1,80,2,1630,1710,1,70,2,1700,1770
1246,1,90,1,720,810,1,90,1,780,870
1247,0,0,1,600,600,0,0,1,780,780
1248,1,80,1,670,750,1,90,1,780,870
1249,0,0,1,720,720,0,0,1,840,840
1250,1,90,1,720,810,1,80,1,730,810
1251,0,0,1,840,840,0,0,1,600,600
1252,0,0,1,720,720,0,0,1,730,730
1253,0,0,1,720,720,0,0,1,540,540
1254,1,90,1,780,870,1,70,1,860,930
1255,0,0,2,1320,1320,0,0,2,1320,1320
1256,0,0,1,660,660,0,0,1,660,660
1257,1,70,2,1520,1590,0,0,2,1260,1260
1258,2,170,3,2020,2190,1,70,3,2040,2110
1259,0,0,1,780,780,0,0,1,780,780
1260,1,80,2,1450,1530,1,80,2,1510,1590
1261,1,80,1,610,690,0,0,1,660,660
1262,0,0,1,720,720,0,0,1,720,720
1263,0,0,1,660,660,0,0,1,600,600
1264,0,0,1,780,780,0,0,1,780,780
1265,1,70,1,680,750,1,70,1,740,810
1266,0,0,1,720,720,0,0,1,700,700
1267,0,0,1,660,660,0,0,1,660,660
1268,1,90,2,1320,1410,2,150,2,1320,1470
1269,1,70,1,860,930,0,0,1,850,850
1270,1,80,1,610,690,1,70,1,680,750
1271,0,0,3,1920,1920,0,0,3,2340,2340
1272,1,90,1,780,870,1,80,1,850,930
1273,0,0,1,600,600,0,0,1,780,780
1274,0,0,1,780,780,0,0,1,780,780
1275,0,0,2,1440,1440,0,0,2,1440,1440
1276,1,80,2,1480,1560,2,170,2,1240,1410
1277,0,0,1,600,600,0,0,1,780,780
1278,0,0,1,780,780,0,0,1,720,720
1279,0,0,1,660,660,0,0,1,660,660
1280,1,80,1,730,810,0,0,1,780,780
1281,0,0,1,600,600,0,0,1,780,780
1282,0,0,1,660,660,0,0,1,840,840
1283,0,0,1,720,720,0,0,1,780,780
1284,1,80,1,550,630,0,0,1,840,840
1285,0,0,1,600,600,1,90,1,780,870
1286,0,0,3,2040,2040,0,0,3,2160,2160
1287,0,0,2,1440,1440,0,0,2,1440,1440
1288,0,0,4,3180,3180,1,80,4,3140,3220
1289,1,80,3,2200,2280,0,0,3,2280,2280
1290,1,80,1,610,690,1,70,1,620,690
1291,0,0,1,780,780,0,0,1,780,780
1292,1,80,1,820,900,0,0,1,820,820
1293,0,0,1,540,540,0,0,1,540,540
1294,0,0,1,780,780,1,80,1,550,630
1295,0,0,1,840,840,0,0,1,790,790
1296,1,80,5,3370,3450,0,0,5,3370,3370
1297,0,0,2,1560,1560,0,0,2,1500,1500
1298,0,0,1,600,600,1,80,1,730,810
1299,0,0,1,600,600,0,0,1,780,780
1300,1,80,2,1390,1470,0,0,2,1480,1480
1301,0,0,1,720,720,0,0,1,600,600
1302,0,0,3,1800,1800,0,0,3,1860,1860
1303,0,0,3,2160,2160,0,0,3,1980,1980
1304,1,70,4,2870,2940,0,0,4,2820,2820
1305,1,80,7,4570,4650,0,0,8,5680,5680
1306,2,160,2,1430,1590,2,140,2,1450,1590
1307,1,80,3,2260,2340,1,90,3,2280,2370
1308,0,0,1,780,780,0,0,1,780,780
1309,1,80,1,850,930,0,0,1,840,840
1310,1,70,2,1460,1530,0,0,2,1560,1560
1311,1,80,5,3820,3900,0,0,5,3900,3900
1312,1,80,1,610,690,1,80,1,730,810
1313,1,80,2,1330,1410,0,0,2,1500,1500
1314,1,90,1,600,690,1,70,1,620,690
1315,1,90,2,1410,1500,0,0,2,1500,1500
1316,0,0,1,720,720,0,0,1,840,840
1317,0,0,1,720,720,0,0,1,720,720
1318,0,0,1,540,540,0,0,1,600,600
1319,1,80,1,670,750,0,0,1,780,780
1320,1,70,1,740,810,1,80,1,670,750
1321,0,0,1,660,660,0,0,1,780,780
1322,0,0,1,540,540,0,0,1,540,540
1323,0,0,1,840,840,0,0,1,840,840
1324,1,90,2,1140,1230,0,0,2,1380,1380
1325,1,90,1,720,810,0,0,1,840,840
1326,1,80,3,2020,2100,0,0,3,2340,2340
1327,0,0,3,1980,1980,2,170,3,2180,2350
1328,0,0,1,660,660,0,0,1,660,660
1329,0,0,2,1440,1440,2,150,2,1410,1560
1330,0,0,1,780,780,0,0,1,540,540
1331,0,0,1,660,660,0,0,1,840,840
1332,2,170,3,2350,2520,0,0,4,2520,2520
1333,0,0,2,1140,1140,0,0,2,1500,1500
1334,0,0,1,780,780,0,0,1,840,840
1335,1,80,1,730,810,0,0,1,780,780
1336,1,80,1,730,810,1,90,1,720,810
1337,0,0,4,2520,2520,1,80,3,2440,2520
1338,0,0,3,2040,2040,0,0,3,2220,2220
1339,0,0,1,720,720,0,0,1,720,720
1340,1,80,1,610,690,1,80,1,790,870
1341,0,0,1,780,780,0,0,1,780,780
1342,0,0,2,1560,1560,0,0,2,1320,1320
1343,1,90,2,1440,1530,0,0,2,1450,1450
1344,1,80,2,1390,1470,0,0,2,1200,1200
1345,0,0,1,720,720,1,70,1,770,840
1346,0,0,1,720,720,0,0,1,720,720
1347,0,0,2,1080,1080,0,0,2,1440,1440
1348,0,0,5,3660,3660,0,0,5,3780,3780
1349,1,80,2,1270,1350,1,70,2,1280,1350
1350,1,70,1,800,870,0,0,1,850,850
1351,0,0,1,600,600,0,0,1,780,780
1352,1,80,1,670,750,1,80,1,850,930
1353,1,70,1,770,840,0,0,1,840,840
1354,1,70,1,800,870,0,0,1,840,840
1355,0,0,2,1200,1200,0,0,2,1440,1440
1356,1,70,2,1430,1500,2,150,2,1470,1620
1357,0,0,2,1560,1560,0,0,2,1510,1510
1358,0,0,1,720,720,0,0,1,720,720
1359,1,70,2,1400,1470,1,80,2,1570,1650
1360,0,0,2,1500,1500,0,0,2,1440,1440
1361,1,80,1,730,810,1,80,1,730,810
1362,0,0,1,600,600,0,0,1,540,540
1363,1,90,3,2100,2190,1,70,3,1940,2010
1364,0,0,2,1320,1320,0,0,2,1440,1440
1365,1,80,1,730,810,0,0,1,840,840
1366,0,0,1,720,720,0,0,1,780,780
1367,1,80,2,1330,1410,0,0,2,1440,1440
1368,1,90,2,1440,1530,0,0,2,1560,1560
1369,0,0,1,780,780,0,0,1,840,840
1370,1,80,3,1780,1860,1,90,2,1620,1710
1371,1,90,1,690,780,0,0,1,780,780
1372,1,80,1,670,750,0,0,1,780,780
1373,0,0,1,720,720,1,90,1,630,720
1374,0,0,2,1440,1440,0,0,2,1380,1380
1375,1,90,2,1170,1260,0,0,2,1380,1380
1376,0,0,1,720,720,0,0,1,720,720
1377,0,0,2,1560,1560,0,0,2,1560,1560
1378,2,150,3,2280,2430,1,90,3,2400,2490
1379,0,0,1,840,840,0,0,1,780,780
1380,0,0,1,840,840,0,0,1,840,840
1381,0,0,1,720,720,1,90,1,780,870
1382,1,70,1,560,630,0,0,1,540,540
1383,1,70,1,620,690,1,80,1,730,810
1384,0,0,1,780,780,0,0,1,660,660
1385,0,0,4,2880,2880,0,0,4,2880,2880
1386,0,0,1,660,660,0,0,1,660,660
1387,0,0,1,780,780,0,0,1,780,780
1388,0,0,1,660,660,0,0,1,840,840
1389,1,90,1,600,690,1,90,1,600,690
1390,0,0,2,1440,1440,0,0,2,1560,1560
1391,0,0,1,840,840,0,0,1,840,840
1392,0,0,1,720,720,1,80,1,850,930
1393,0,0,1,720,720,0,0,1,600,600
1394,0,0,1,540,540,1,80,1,760,840
1395,0,0,3,2160,2160,0,0,3,2110,2110
1396,0,0,1,600,600,0,0,1,840,840
1397,0,0,2,1620,1620,0,0,2,1620,1620
1398,0,0,1,720,720,0,0,1,840,840
1399,0,0,1,540,540,0,0,1,840,840
1400,0,0,1,720,720,0,0,1,780,780
1401,1,80,3,2140,2220,1,80,3,2140,2220
1402,1,70,1,800,870,0,0,1,840,840
1403,0,0,1,780,780,0,0,1,780,780
1404,0,0,1,540,540,0,0,1,780,780
1405,0,0,3,2280,2280,0,0,3,2230,2230
1406,1,90,2,1320,1410,0,0,2,1440,1440
1407,0,0,1,840,840,0,0,1,840,840
1408,0,0,2,1680,1680,1,90,2,1620,1710
1409,0,0,2,1380,1380,1,80,2,1420,1500
1410,1,80,2,1600,1680,0,0,2,1630,1630
1411,1,80,1,730,810,0,0,1,780,780
1412,0,0,1,660,660,1,70,1,680,750
1413,0,0,1,660,660,0,0,1,660,660
1414,0,0,1,600,600,1,90,1,540,630
1415,1,80,1,550,630,1,80,1,790,870
1416,1,90,2,1530,1620,0,0,2,1540,1540
1417,0,0,1,840,840,0,0,1,840,840
1418,0,0,1,600,600,0,0,1,780,780
1419,0,0,1,780,780,1,80,1,790,870
1420,1,70,2,1460,1530,2,150,2,1380,1530
1421,0,0,3,2220,2220,1,70,3,2120,2190
1422,1,80,1,730,810,0,0,1,780,780
1423,1,80,5,3670,3750,0,0,5,3720,3720
1424,0,0,1,660,660,0,0,1,780,780
1425,1,70,1,620,690,0,0,1,660,660
1426,0,0,1,780,780,1,90,1,840,930
1427,0,0,2,1440,1440,0,0,2,1440,1440
1428,1,70,1,740,810,0,0,1,600,600
1429,0,0,1,780,780,0,0,1,780,780
1430,1,70,1,800,870,0,0,1,790,790
1431,0,0,1,540,540,0,0,1,780,780
1432,0,0,1,600,600,0,0,1,600,600
1433,0,0,1,660,660,1,80,1,670,750
1434,0,0,1,720,720,0,0,1,540,540
1435,0,0,2,1440,1440,1,80,2,1390,1470
1436,1,90,2,1380,1470,1,70,2,1340,1410
1437,1,70,3,2150,2220,2,160,3,2000,2160
1438,0,0,1,840,840,0,0,1,840,840
1439,0,0,2,1440,1440,0,0,2,1560,1560
1440,0,0,1,720,720,0,0,1,720,720
1441,0,0,1,780,780,0,0,1,780,780
1442,0,0,1,720,720,1,80,1,730,810
1443,0,0,1,660,660,1,70,1,740,810
1444,1,70,1,620,690,0,0,1,670,670
1445,0,0,2,1500,1500,0,0,2,1500,1500
1446,1,80,2,1450,1530,1,70,2,1460,1530
1447,1,80,1,760,840,0,0,1,840,840
1448,0,0,1,540,540,0,0,1,780,780
1449,0,0,1,720,720,1,90,1,720,810
1450,1,80,1,550,630,0,0,1,660,660
1451,0,0,1,780,780,1,70,1,740,810
1452,0,0,1,780,780,0,0,1,730,730
1453,2,150,4,2910,3060,1,80,4,2980,3060
1454,0,0,1,600,600,1,80,1,610,690
1455,0,0,1,720,720,0,0,1,660,660
1456,1,70,1,590,660,0,0,1,720,720
1457,0,0,3,2100,2100,0,0,3,2040,2040
1458,0,0,2,1500,1500,1,90,2,1440,1530
1459,0,0,1,660,660,0,0,1,840,840
1460,1,90,6,4200,4290,0,0,6,4440,4440
1461,0,0,1,720,720,1,80,1,730,810
1462,0,0,1,600,600,0,0,1,720,720
1463,1,70,1,560,630,1,90,1,540,630
1464,0,0,3,1920,1920,0,0,3,2220,2220
1465,1,80,4,2680,2760,1,90,4,2940,3030
1466,0,0,1,720,720,1,80,1,670,750
1467,0,0,1,720,720,0,0,1,720,720
1468,2,150,2,1320,1470,1,80,2,1600,1680
1469,0,0,3,2280,2280,1,80,3,2170,2250
1470,0,0,1,720,720,0,0,1,840,840
1471,1,70,2,1280,1350,0,0,2,1380,1380
1472,0,0,1,600,600,0,0,1,660,660
1473,1,70,4,2900,2970,1,70,4,2900,2970
1474,0,0,1,600,600,0,0,1,540,540
1475,0,0,1,840,840,0,0,1,760,760
1476,0,0,2,1440,1440,0,0,2,1260,1260
1477,1,80,1,580,660,0,0,1,580,580
1478,0,0,1,780,780,0,0,1,730,730
1479,1,90,2,1320,1410,1,90,2,1320,1410
1480,0,0,1,540,540,0,0,1,780,780
1481,0,0,1,600,600,1,80,1,760,840
1482,1,80,2,1480,1560,0,0,2,1560,1560
1483,0,0,2,1380,1380,1,80,2,1450,1530
1484,1,90,2,1380,1470,0,0,2,1560,1560
1485,1,90,6,4230,4320,0,0,6,4440,4440
1486,2,160,4,2780,2940,0,0,4,2980,2980
1487,1,80,1,700,780,1,80,1,700,780
1488,0,0,3,2100,2100,0,0,3,2140,2140
1489,1,80,1,610,690,1,70,1,770,840
1490,1,80,2,1450,1530,0,0,2,1560,1560
1491,0,0,2,1200,1200,1,90,2,1080,1170
1492,0,0,1,660,660,0,0,1,660,660
1493,0,0,3,2160,2160,1,80,3,2170,2250
1494,2,160,5,3440,3600,1,70,5,3710,3780
1495,0,0,1,780,780,0,0,1,540,540
1496,0,0,3,2100,2100,0,0,3,2280,2280
1497,0,0,1,780,780,0,0,1,780,780
1498,0,0,2,1260,1260,0,0,2,1380,1380
1499,0,0,4,2760,2760,0,0,4,2820,2820
1500,0,0,2,1260,1260,0,0,2,1450,1450
1501,1,70,1,680,750,1,80,1,670,750
1502,2,150,5,3630,3780,0,0,5,3780,3780
1503,0,0,2,1440,1440,0,0,2,1510,1510
1504,1,80,1,820,900,1,80,1,850,930
1505,0,0,2,1320,1320,1,80,2,1510,1590
1506,1,80,1,670,750,1,70,1,770,840
1507,0,0,1,780,780,0,0,1,780,780
1508,1,80,1,730,810,0,0,1,780,780
1509,1,80,2,1060,1140,1,80,1,850,930
1510,0,0,2,1320,1320,0,0,2,1320,1320
1511,0,0,1,840,840,0,0,1,660,660
1512,2,170,2,1390,1560,0,0,2,1620,1620
1513,0,0,1,780,780,0,0,1,780,780
1514,1,70,2,1340,1410,0,0,2,1560,1560
1515,0,0,2,1440,1440,0,0,2,1440,1440
1516,1,70,4,2960,3030,0,0,4,3000,3000
1517,1,80,1,670,750,0,0,1,720,720
1518,2,150,3,2190,2340,0,0,3,2400,2400
1519,0,0,1,840,840,1,70,1,710,780
1520,1,90,1,840,930,0,0,2,1140,1140
1521,1,70,1,680,750,1,80,1,550,630
1522,1,90,1,600,690,0,0,1,840,840
1523,1,80,1,550,630,0,0,1,600,600
1524,0,0,3,2040,2040,1,70,3,2000,2070
1525,0,0,1,720,720,0,0,1,720,720
1526,1,80,1,670,750,0,0,1,720,720
1527,0,0,1,660,660,0,0,1,600,600
1528,1,80,1,610,690,1,80,1,610,690
1529,1,80,2,1480,1560,0,0,2,1560,1560
1530,0,0,2,1620,1620,0,0,2,1620,1620
1531,0,0,1,840,840,0,0,1,760,760
1532,1,70,2,1340,1410,0,0,2,1450,1450
1533,0,0,3,2040,2040,1,70,3,2120,2190
1534,1,80,1,550,630,1,80,1,550,630
1535,0,0,1,780,780,0,0,1,780,780
1536,0,0,2,1560,1560,0,0,2,1380,1380
1537,1,70,2,1520,1590,1,80,2,1510,1590
1538,0,0,2,1380,1380,0,0,2,1620,1620
1539,0,0,1,720,720,0,0,1,700,700
1540,0,0,1,660,660,0,0,1,780,780
1541,2,150,5,3630,3780,0,0,5,3420,3420
1542,1,80,1,670,750,1,90,1,840,930
1543,0,0,2,1080,1080,0,0,2,1200,1200
1544,0,0,1,540,540,0,0,1,720,720
1545,0,0,1,660,660,0,0,1,720,720
1546,0,0,3,2040,2040,0,0,3,2280,2280
1547,0,0,1,600,600,0,0,1,600,600
1548,1,80,1,670,750,0,0,1,780,780
1549,1,80,1,610,690,1,70,1,620,690
1550,1,70,5,3440,3510,1,70,5,3380,3450
1551,0,0,2,1560,1560,0,0,2,1560,1560
1552,0,0,1,540,540,0,0,1,780,780
1553,0,0,1,720,720,0,0,1,780,780
1554,1,70,2,1520,1590,0,0,2,1620,1620
1555,0,0,1,780,780,0,0,1,840,840
1556,0,0,1,600,600,1,90,1,750,840
1557,0,0,2,1440,1440,1,90,2,1260,1350
1558,2,150,4,2730,2880,2,150,4,2940,3090
1559,1,90,3,1860,1950,1,80,3,1780,1860
1560,0,0,1,780,780,0,0,1,780,780
1561,1,80,8,6130,6210,1,80,9,6550,6630
1562,1,70,1,710,780,1,80,1,700,780
1563,0,0,1,600,600,1,80,1,670,750
1564,0,0,1,780,780,0,0,1,780,780
1565,0,0,1,600,600,1,80,1,580,660
1566,0,0,1,780,780,0,0,1,780,780
1567,0,0,2,1620,1620,0,0,2,1620,1620
1568,0,0,2,1440,1440,0,0,2,1260,1260
1569,0,0,1,780,780,0,0,1,780,780
1570,0,0,1,720,720,0,0,1,720,720
1571,0,0,2,1440,1440,2,170,2,1300,1470
1572,1,70,1,620,690,0,0,1,840,840
1573,1,80,1,520,600,0,0,1,660,660
1574,1,70,4,3050,3120,0,0,5,3180,3180
1575,1,80,2,1510,1590,1,70,2,1520,1590
1576,1,90,2,1470,1560,2,150,2,1410,1560
1577,2,170,3,1960,2130,1,90,3,2040,2130
1578,1,80,3,1630,1710,2,150,2,1590,1740
1579,0,0,1,780,780,0,0,1,780,780
1580,0,0,1,660,660,1,80,1,670,750
1581,0,0,5,3780,3780,1,80,5,3650,3730
1582,0,0,1,600,600,1,90,1,690,780
1583,1,80,1,790,870,0,0,1,850,850
1584,0,0,3,2400,2400,0,0,4,2520,2520
1585,0,0,4,2880,2880,3,230,4,2830,3060
1586,2,170,2,1480,1650,0,0,2,1630,1630
1587,1,80,3,1690,1770,0,0,3,1800,1800
1588,0,0,1,720,720,0,0,1,600,600
1589,0,0,1,540,540,0,0,1,840,840
1590,1,80,1,790,870,1,80,1,610,690
1591,1,80,1,850,930,0,0,2,1140,1140
1592,0,0,1,660,660,1,70,1,620,690
1593,1,70,2,1220,1290,0,0,2,1260,1260
1594,1,70,2,1640,1710,1,70,2,1640,1710
1595,0,0,1,600,600,0,0,1,600,600
1596,0,0,1,780,780,0,0,1,780,780
1597,1,70,1,830,900,1,70,1,830,900
1598,0,0,1,660,660,0,0,1,780,780
1599,1,80,3,1900,1980,0,0,3,2280,2280
1600,1,70,1,830,900,0,0,1,660,660
1601,1,70,1,770,840,0,0,1,840,840
1602,0,0,1,540,540,0,0,1,720,720
1603,1,80,4,2950,3030,1,90,4,2760,2850
1604,0,0,3,1980,1980,1,90,3,1920,2010
1605,1,80,2,1300,1380,0,0,2,1500,1500
1606,0,0,2,1080,1080,0,0,2,1140,1140
1607,0,0,1,600,600,0,0,1,720,720
1608,2,160,2,1520,1680,1,90,3,1740,1830
1609,1,70,1,680,750,0,0,1,780,780
1610,0,0,1,600,600,0,0,1,780,780
1611,0,0,2,1440,1440,2,150,2,1320,1470
1612,1,90,2,1350,1440,0,0,2,1450,1450
1613,0,0,3,1980,1980,0,0,3,2400,2400
1614,1,80,2,1600,1680,0,0,2,1630,1630
1615,2,150,3,1890,2040,2,150,3,2040,2190
1616,0,0,1,540,540,0,0,1,540,540
1617,0,0,1,540,540,0,0,1,540,540
1618,0,0,1,600,600,0,0,1,600,600
1619,0,0,1,600,600,0,0,1,610,610
1620,0,0,2,1440,1440,2,150,2,1320,1470
1621,1,80,1,610,690,0,0,1,780,780
1622,0,0,1,780,780,0,0,1,840,840
1623,1,80,1,730,810,1,80,1,730,810
1624,0,0,3,2340,2340,1,70,3,2330,2400
1625,0,0,1,720,720,0,0,1,720,720
1626,1,80,1,550,630,0,0,1,840,840
1627,1,80,1,790,870,1,90,1,750,840
1628,0,0,1,840,840,0,0,1,840,840
1629,1,80,3,2050,2130,0,0,3,2140,2140
1630,0,0,1,780,780,0,0,1,840,840
1631,0,0,4,2460,2460,0,0,3,2410,2410
1632,0,0,2,1440,1440,0,0,2,1420,1420
1633,1,90,1,840,930,0,0,2,1080,1080
1634,0,0,1,600,600,0,0,1,600,600
1635,0,0,1,780,780,0,0,1,780,780
1636,0,0,2,1320,1320,0,0,2,1270,1270
1637,0,0,1,780,780,0,0,1,780,780
1638,1,80,1,610,690,0,0,1,720,720
1639,0,0,2,1320,1320,1,70,2,1460,1530
1640,1,90,1,660,750,0,0,1,780,780
1641,1,80,1,670,750,0,0,1,780,780
1642,0,0,1,780,780,0,0,1,780,780
1643,0,0,1,720,720,0,0,1,720,720
1644,0,0,3,2340,2340,1,70,3,2220,2290
1645,1,80,1,670,750,1,80,1,850,930
1646,1,80,2,1210,1290,0,0,2,1540,1540
1647,0,0,2,1320,1320,0,0,2,1260,1260
1648,0,0,1,540,540,0,0,1,840,840
1649,0,0,1,600,600,0,0,1,600,600
1650,0,0,1,540,540,0,0,1,840,840
1651,1,70,1,680,750,0,0,1,850,850
1652,1,90,1,690,780,0,0,1,780,780
1653,0,0,1,540,540,0,0,1,720,720
1654,0,0,2,1440,1440,0,0,2,1500,1500
1655,0,0,2,1320,1320,0,0,2,1440,1440
1656,1,80,4,2830,2910,0,0,4,2940,2940
1657,0,0,1,600,600,0,0,1,840,840
1658,0,0,3,2160,2160,1,80,3,2110,2190
1659,1,80,1,610,690,0,0,1,540,540
1660,0,0,1,660,660,0,0,1,850,850
1661,1,90,1,780,870,0,0,1,720,720
1662,1,70,3,2210,2280,0,0,3,2100,2100
1663,0,0,1,660,660,0,0,1,780,780
1664,1,90,1,720,810,0,0,1,840,840
1665,1,70,1,860,930,0,0,1,780,780
1666,0,0,1,780,780,0,0,1,660,660
1667,0,0,2,1080,1080,0,0,2,1440,1440
1668,0,0,1,720,720,1,90,1,660,750
1669,1,70,1,680,750,0,0,1,670,670
1670,0,0,1,780,780,1,80,1,730,810
1671,0,0,1,540,540,0,0,1,780,780
1672,1,80,1,520,600,0,0,1,840,840
1673,1,90,3,2040,2130,0,0,3,2140,2140
1674,0,0,1,840,840,1,80,1,790,870
1675,1,80,2,1570,1650,0,0,2,1680,1680
1676,0,0,1,840,840,0,0,1,780,780
1677,0,0,1,720,720,1,70,1,710,780
1678,1,80,3,1900,1980,0,0,3,1980,1980
1679,0,0,1,600,600,0,0,1,600,600
1680,0,0,1,600,600,0,0,1,720,720
1681,0,0,1,600,600,1,70,1,620,690
1682,1,80,1,760,840,0,0,1,840,840
1683,0,0,1,720,720,0,0,1,720,720
1684,0,0,2,1560,1560,0,0,2,1560,1560
1685,1,80,1,790,870,0,0,1,820,820
1686,0,0,2,1620,1620,1,80,2,1570,1650
1687,1,80,2,1210,1290,0,0,2,1560,1560
1688,0,0,1,780,780,0,0,1,780,780
1689,0,0,2,1440,1440,0,0,2,1510,1510
1690,0,0,1,600,600,0,0,1,660,660
1691,0,0,2,1380,1380,0,0,2,1380,1380
1692,1,80,1,610,690,1,90,1,600,690
1693,1,80,2,1570,1650,0,0,2,1680,1680
1694,0,0,1,600,600,1,80,1,550,630
1695,0,0,1,540,540,0,0,1,600,600
1696,0,0,2,1500,1500,0,0,2,1450,1450
1697,0,0,1,720,720,0,0,1,780,780
1698,0,0,1,780,780,0,0,1,840,840
1699,1,80,2,1510,1590,1,70,2,1280,1350
1700,0,0,1,780,780,1,80,1,670,750
1701,1,70,1,530,600,0,0,1,840,840
1702,0,0,2,1440,1440,0,0,2,1450,1450
1703,0,0,2,1500,1500,0,0,2,1500,1500
1704,0,0,1,840,840,0,0,1,850,850
1705,1,70,2,1280,1350,0,0,2,1560,1560
1706,1,80,1,610,690,1,80,1,730,810
1707,0,0,1,780,780,0,0,1,780,780
1708,1,90,1,780,870,1,90,1,810,900
1709,0,0,1,540,540,0,0,1,840,840
1710,0,0,1,540,540,0,0,1,540,540
1711,0,0,2,1200,1200,1,80,2,1450,1530
1712,1,90,1,720,810,0,0,1,540,540
1713,0,0,1,720,720,0,0,1,720,720
1714,0,0,2,1140,1140,0,0,2,1140,1140
1715,0,0,1,600,600,0,0,1,720,720
1716,1,80,1,850,930,0,0,1,780,780
1717,1,80,2,1480,1560,0,0,2,1560,1560
1718,1,80,2,1570,1650,2,160,2,1400,1560
1719,0,0,1,660,660,0,0,1,660,660
1720,0,0,2,1440,1440,0,0,2,1620,1620
1721,0,0,1,840,840,0,0,1,540,540
1722,1,90,2,1440,1530,1,80,2,1540,1620
1723,0,0,1,720,720,1,80,1,790,870
1724,0,0,2,1440,1440,0,0,2,1560,1560
1725,0,0,1,840,840,1,80,1,820,900
1726,0,0,1,660,660,0,0,1,660,660
1727,1,70,4,2900,2970,1,90,4,2850,2940
1728,0,0,1,780,780,0,0,1,760,760
1729,1,80,1,670,750,0,0,1,780,780
1730,0,0,1,540,540,0,0,1,780,780
1731,0,0,1,720,720,0,0,1,840,840
1732,1,80,8,5650,5730,1,80,8,5710,5790
1733,1,80,2,1360,1440,1,90,2,1440,1530
1734,1,70,1,800,870,0,0,1,840,840
1735,0,0,2,1500,1500,1,80,2,1450,1530
1736,0,0,1,720,720,1,90,1,660,750
1737,0,0,4,2640,2640,0,0,4,2880,2880
1738,1,90,1,600,690,0,0,1,730,730
1739,1,80,1,730,810,1,70,1,680,750
1740,0,0,1,540,540,1,70,1,620,690
1741,0,0,1,540,540,0,0,1,600,600
1742,2,160,4,2870,3030,2,160,4,2930,3090
1743,0,0,2,1680,1680,0,0,2,1440,1440
1744,0,0,2,1380,1380,0,0,2,1500,1500
1745,2,160,2,1340,1500,1,90,2,1530,1620
1746,0,0,1,720,720,0,0,1,780,780
1747,0,0,2,1440,1440,0,0,2,1440,1440
1748,0,0,1,540,540,1,70,1,740,810
1749,0,0,1,780,780,0,0,1,780,780
1750,2,170,3,1870,2040,2,170,3,2020,2190
1751,0,0,2,1260,1260,0,0,2,1320,1320
1752,0,0,1,780,780,0,0,1,780,780
1753,1,80,1,790,870,1,70,1,620,690
1754,0,0,1,780,780,0,0,1,780,780
1755,0,0,1,660,660,1,80,1,670,750
1756,1,80,1,730,810,1,80,1,730,810
1757,0,0,1,600,600,0,0,1,600,600
1758,0,0,1,720,720,0,0,1,720,720
1759,0,0,4,2520,2520,1,80,3,2420,2500
1760,1,90,1,600,690,1,80,1,760,840
1761,1,90,1,600,690,1,70,1,770,840
1762,0,0,2,1200,1200,0,0,2,1570,1570
1763,1,80,2,1240,1320,1,80,2,1450,1530
1764,0,0,4,2760,2760,1,80,4,2770,2850
1765,0,0,1,840,840,1,80,1,790,870
1766,2,170,2,1360,1530,1,90,2,1440,1530
1767,0,0,1,720,720,0,0,1,720,720
1768,0,0,3,1860,1860,0,0,3,2340,2340
1769,0,0,1,660,660,0,0,1,660,660
1770,0,0,2,1440,1440,0,0,2,1560,1560
1771,0,0,1,720,720,0,0,1,790,790
1772,1,80,1,670,750,1,80,1,670,750
1773,1,80,1,730,810,0,0,1,780,780
1774,0,0,4,2940,2940,1,80,4,2810,2890
1775,1,80,1,610,690,0,0,1,780,780
1776,1,70,1,680,750,0,0,1,780,780
1777,0,0,1,840,840,0,0,1,840,840
1778,0,0,1,660,660,0,0,1,720,720
1779,1,80,1,640,720,1,70,1,680,750
1780,0,0,2,1440,1440,0,0,2,1560,1560
1781,1,90,1,660,750,0,0,1,780,780
1782,0,0,4,2520,2520,2,170,4,2440,2610
1783,0,0,1,780,780,0,0,1,780,780
1784,1,80,2,1330,1410,0,0,2,1380,1380
1785,1,80,3,1900,1980,0,0,3,2340,2340
1786,0,0,1,840,840,1,70,1,770,840
1787,1,90,2,1470,1560,1,70,2,1460,1530
1788,0,0,2,1440,1440,0,0,2,1500,1500
1789,1,90,1,600,690,0,0,1,660,660
1790,0,0,2,1500,1500,1,70,2,1340,1410
1791,1,90,2,1500,1590,0,0,2,1140,1140
1792,0,0,1,600,600,0,0,1,600,600
1793,0,0,2,1140,1140,0,0,2,1500,1500
1794,1,80,3,2290,2370,2,160,3,2210,2370
1795,1,80,1,610,690,0,0,1,660,660
1796,1,70,1,740,810,0,0,1,730,730
1797,2,160,2,1430,1590,0,0,2,1560,1560
1798,1,80,1,790,870,1,80,1,790,870
1799,1,90,2,1260,1350,0,0,2,1680,1680
1800,0,0,1,840,840,0,0,1,840,840
1801,0,0,1,540,540,0,0,1,540,540
1802,0,0,1,780,780,0,0,1,780,780
1803,0,0,1,540,540,0,0,1,540,540
1804,0,0,1,840,840,0,0,1,840,840
1805,1,70,2,1550,1620,1,90,2,1260,1350
1806,0,0,1,780,780,0,0,1,840,840
1807,1,70,1,680,750,0,0,1,760,760
1808,0,0,2,1620,1620,1,90,2,1560,1650
1809,0,0,2,1260,1260,0,0,2,1560,1560
1810,1,70,4,2720,2790,0,0,4,2770,2770
1811,0,0,1,720,720,1,80,1,730,810
1812,1,80,1,610,690,0,0,1,780,780
1813,1,80,2,1390,1470,1,90,2,1470,1560
1814,0,0,1,840,840,0,0,1,720,720
1815,1,80,2,1330,1410,0,0,2,1320,1320
1816,0,0,2,1320,1320,1,70,2,1430,1500
1817,0,0,1,840,840,0,0,1,840,840
1818,1,90,3,2340,2430,1,80,3,2350,2430
1819,0,0,1,540,540,1,80,1,730,810
1820,1,80,1,550,630,0,0,1,720,720
1821,1,70,1,680,750,0,0,1,720,720
1822,1,70,1,740,810,0,0,1,780,780
1823,1,70,2,1460,1530,0,0,2,1380,1380
1824,1,80,1,730,810,0,0,1,780,780
1825,0,0,1,720,720,0,0,1,720,720
1826,0,0,1,780,780,0,0,1,840,840
1827,1,70,2,1250,1320,0,0,2,1480,1480
1828,0,0,2,1260,1260,0,0,2,1380,1380
1829,0,0,1,780,780,0,0,1,780,780
1830,0,0,1,780,780,1,80,1,580,660
1831,0,0,2,1260,1260,1,90,2,1260,1350
1832,1,80,3,2170,2250,1,90,3,2160,2250
1833,0,0,1,780,780,0,0,1,600,600
1834,1,80,1,520,600,1,90,1,720,810
1835,0,0,1,780,780,1,90,1,540,630
1836,1,80,1,520,600,1,80,1,730,810
1837,0,0,1,840,840,0,0,1,540,540
1838,0,0,1,780,780,0,0,1,780,780
1839,1,80,2,1360,1440,0,0,2,1500,1500
1840,1,70,1,860,930,0,0,2,1140,1140
1841,1,80,2,1570,1650,1,70,2,1340,1410
1842,0,0,2,1380,1380,1,90,2,1410,1500
1843,0,0,1,720,720,0,0,1,780,780
1844,1,70,1,740,810,1,70,1,800,870
1845,1,80,1,610,690,0,0,1,840,840
1846,1,70,2,1490,1560,1,80,2,1450,1530
1847,0,0,2,1440,1440,0,0,2,1560,1560
1848,0,0,1,780,780,0,0,1,780,780
1849,1,80,1,610,690,0,0,1,760,760
1850,0,0,1,600,600,0,0,1,780,780
1851,1,90,1,540,630,0,0,1,660,660
1852,2,160,2,1370,1530,1,80,2,1370,1450
1853,0,0,2,1500,1500,0,0,2,1500,1500
1854,0,0,3,2160,2160,2,160,3,2090,2250
1855,0,0,3,1920,1920,0,0,3,2160,2160
1856,1,90,1,510,600,0,0,1,780,780
1857,0,0,1,840,840,0,0,1,840,840
1858,1,70,1,650,720,0,0,1,720,720
1859,0,0,2,1440,1440,0,0,2,1440,1440
1860,0,0,1,660,660,1,90,1,780,870
1861,1,90,1,780,870,1,70,1,800,870
1862,1,90,1,720,810,0,0,1,720,720
1863,0,0,1,600,600,0,0,1,780,780
1864,1,80,1,640,720,0,0,1,790,790
1865,1,90,1,690,780,0,0,1,780,780
1866,0,0,1,840,840,0,0,1,840,840
1867,0,0,1,780,780,1,80,1,700,780
1868,1,80,2,1270,1350,1,80,2,1330,1410
1869,1,70,1,680,750,0,0,1,840,840
1870,0,0,1,600,600,0,0,1,730,730
1871,1,70,1,860,930,0,0,1,780,780
1872,0,0,3,2220,2220,0,0,3,1920,1920
1873,0,0,1,780,780,0,0,1,840,840
1874,0,0,2,1200,1200,0,0,2,1390,1390
1875,1,70,1,620,690,0,0,1,660,660
1876,0,0,2,1140,1140,1,80,2,1510,1590
1877,0,0,1,780,780,0,0,1,780,780
1878,1,90,2,1380,1470,0,0,2,1380,1380
1879,0,0,1,780,780,0,0,1,730,730
1880,0,0,2,1380,1380,2,160,2,1340,1500
1881,1,80,2,1450,1530,0,0,2,1560,1560
1882,1,80,1,730,810,0,0,1,820,820
1883,1,80,2,1330,1410,0,0,2,1440,1440
1884,0,0,1,720,720,0,0,1,720,720
1885,0,0,1,660,660,1,70,1,680,750
1886,1,90,3,2340,2430,1,80,3,2350,2430
1887,0,0,2,1140,1140,0,0,2,1140,1140
1888,1,70,1,770,840,0,0,1,780,780
1889,1,80,2,1330,1410,0,0,2,1560,1560
1890,0,0,1,600,600,0,0,1,780,780
1891,0,0,1,660,660,0,0,1,780,780
1892,0,0,2,1440,1440,1,80,2,1660,1740
1893,1,80,2,1300,1380,0,0,2,1380,1380
1894,0,0,1,600,600,0,0,1,600,600
1895,0,0,1,720,720,0,0,1,780,780
1896,1,80,4,2860,2940,1,90,4,2880,2970
1897,0,0,2,1440,1440,1,80,2,1540,1620
1898,1,80,1,730,810,0,0,1,840,840
1899,1,80,2,1210,1290,0,0,2,1440,1440
1900,0,0,1,840,840,0,0,1,600,600
1901,0,0,2,1560,1560,0,0,2,1260,1260
1902,1,80,1,670,750,0,0,1,720,720
1903,0,0,1,600,600,0,0,1,600,600
1904,0,0,1,600,600,0,0,1,660,660
1905,0,0,1,780,780,0,0,1,660,660
1906,1,80,2,1510,1590,0,0,2,1600,1600
1907,1,70,1,710,780,0,0,1,780,780
1908,0,0,1,720,720,0,0,1,720,720
1909,1,90,1,600,690,1,90,1,720,810
1910,1,90,1,600,690,0,0,1,670,670
1911,0,0,2,1320,1320,1,70,2,1280,1350
1912,0,0,1,600,600,1,90,1,510,600
1913,0,0,1,720,720,1,80,1,730,810
1914,0,0,2,1440,1440,0,0,2,1440,1440
1915,1,70,1,830,900,1,90,1,810,900
1916,1,80,1,790,870,0,0,1,720,720
1917,1,80,1,550,630,0,0,1,780,780
1918,0,0,1,540,540,0,0,1,660,660
1919,2,160,3,2150,2310,2,150,3,2190,2340
1920,0,0,2,1320,1320,0,0,2,1560,1560
1921,0,0,4,2820,2820,0,0,4,2820,2820
1922,0,0,1,600,600,1,80,1,670,750
1923,1,70,3,2120,2190,1,80,3,2170,2250
1924,0,0,3,2040,2040,1,90,3,2010,2100
1925,1,70,3,1730,1800,0,0,2,1690,1690
1926,0,0,2,1320,1320,1,80,2,1390,1470
1927,1,80,1,760,840,0,0,1,540,540
1928,1,90,1,750,840,1,80,1,700,780
1929,1,80,2,1600,1680,0,0,3,1800,1800
1930,0,0,1,840,840,0,0,1,720,720
1931,0,0,1,780,780,0,0,1,730,730
1932,0,0,2,1320,1320,0,0,2,1380,1380
1933,1,80,1,640,720,0,0,1,540,540
1934,1,90,4,2940,3030,0,0,4,3240,3240
1935,0,0,1,780,780,0,0,1,780,780
1936,1,90,2,1320,1410,1,90,2,1500,1590
1937,0,0,1,600,600,0,0,1,720,720
1938,1,80,1,730,810,0,0,1,780,780
1939,0,0,2,1500,1500,0,0,2,1560,1560
1940,0,0,1,840,840,1,80,1,790,870
1941,0,0,3,1980,1980,1,90,3,1860,1950
1942,0,0,3,2100,2100,0,0,3,1740,1740
1943,1,80,1,610,690,1,80,1,850,930
1944,1,80,1,670,750,1,80,1,670,750
1945,1,70,1,740,810,0,0,1,730,730
1946,0,0,1,720,720,0,0,1,780,780
1947,0,0,1,600,600,0,0,1,730,730
1948,0,0,2,1500,1500,0,0,2,1510,1510
1949,0,0,1,540,540,1,90,1,720,810
1950,0,0,2,1500,1500,0,0,2,1380,1380
1951,0,0,1,720,720,0,0,1,720,720
1952,1,80,2,1390,1470,1,80,2,1390,1470
1953,0,0,3,2340,2340,1,80,3,2210,2290
1954,0,0,1,780,780,0,0,1,840,840
1955,1,80,1,730,810,0,0,1,720,720
1956,0,0,1,720,720,0,0,1,780,780
1957,0,0,3,2400,2400,2,160,3,2120,2280
1958,0,0,4,2820,2820,0,0,4,2880,2880
1959,1,80,2,1450,1530,0,0,2,1480,1480
1960,1,90,1,510,600,0,0,1,540,540
1961,0,0,2,1500,1500,0,0,2,1500,1500
1962,0,0,1,780,780,0,0,1,720,720
1963,2,170,2,1090,1260,0,0,2,1320,1320
1964,1,70,1,740,810,1,90,1,720,810
1965,0,0,1,600,600,0,0,1,720,720
1966,1,90,2,1620,1710,0,0,2,1630,1630
1967,0,0,3,2100,2100,0,0,3,2140,2140
1968,1,70,1,680,750,0,0,1,840,840
1969,0,0,1,780,780,0,0,1,660,660
1970,0,0,1,780,780,0,0,1,780,780
1971,1,80,1,610,690,1,90,1,570,660
1972,0,0,2,1440,1440,1,90,2,1320,1410
1973,0,0,1,780,780,1,80,1,670,750
1974,1,80,4,2890,2970,1,70,4,2990,3060
1975,0,0,2,1260,1260,0,0,2,1440,1440
1976,0,0,1,600,600,0,0,1,780,780
1977,1,80,1,550,630,0,0,1,540,540
1978,0,0,3,1740,1740,1,80,2,1640,1720
1979,0,0,1,840,840,1,80,1,790,870
1980,0,0,1,540,540,0,0,1,600,600
1981,0,0,1,840,840,0,0,1,840,840
1982,0,0,2,1560,1560,1,70,2,1640,1710
1983,0,0,1,780,780,0,0,1,780,780
1984,0,0,1,660,660,0,0,1,660,660
1985,0,0,1,840,840,0,0,1,790,790
1986,0,0,2,1080,1080,0,0,2,1140,1140
1987,0,0,2,1200,1200,1,80,2,1450,1530
1988,0,0,1,660,660,0,0,1,840,840
1989,0,0,3,2280,2280,1,80,3,2260,2340
1990,1,90,1,540,630,1,80,1,580,660
1991,0,0,2,1260,1260,0,0,2,1260,1260
1992,0,0,1,600,600,0,0,1,600,600
1993,0,0,4,2580,2580,1,90,3,2400,2490
1994,1,80,1,670,750,0,0,1,840,840
1995,0,0,1,600,600,0,0,1,600,600
1996,0,0,1,540,540,0,0,1,780,780
1997,0,0,1,780,780,0,0,1,730,730
1998,1,80,1,850,930,1,80,1,820,900
1999,0,0,1,600,600,1,90,1,780,870
2000,0,0,2,1320,1320,0,0,2,1510,1510
2001,0,0,2,1500,1500,0,0,2,1380,1380
2002,1,70,2,1460,1530,1,80,2,1480,1560
2003,0,0,1,720,720,1,70,1,680,750
2004,0,0,2,1500,1500,0,0,2,1560,1560
2005,0,0,1,720,720,0,0,1,660,660
2006,1,80,1,670,750,1,80,1,670,750
2007,1,80,2,1480,1560,0,0,2,1560,1560
2008,0,0,2,1320,1320,0,0,2,1320,1320
2009,1,70,1,620,690,0,0,1,720,720
2010,1,90,1,720,810,0,0,1,600,600
2011,0,0,3,1980,1980,2,150,3,1770,1920
2012,0,0,1,600,600,0,0,1,780,780
2013,0,0,2,1140,1140,1,70,2,1520,1590
2014,0,0,1,600,600,1,90,1,660,750
2015,0,0,4,2640,2640,1,80,4,2930,3010
2016,1,80,1,790,870,1,80,1,760,840
2017,1,70,2,1280,1350,0,0,2,1560,1560
2018,0,0,2,1260,1260,1,70,2,1340,1410
2019,1,90,2,1320,1410,0,0,2,1500,1500
2020,0,0,1,780,780,0,0,1,600,600
2021,0,0,2,1560,1560,1,70,2,1550,1620
2022,0,0,1,780,780,0,0,1,780,780
2023,0,0,1,840,840,0,0,1,790,790
2024,0,0,1,840,840,0,0,1,840,840
2025,1,70,1,620,690,0,0,1,730,730
2026,0,0,4,3000,3000,0,0,4,2920,2920
2027,1,80,5,2950,3030,2,160,4,3020,3180
2028,1,80,1,670,750,0,0,1,660,660
2029,0,0,1,720,720,0,0,1,780,780
2030,1,80,1,820,900,1,90,1,840,930
2031,0,0,1,600,600,0,0,1,780,780
2032,0,0,1,600,600,0,0,1,840,840
2033,0,0,1,780,780,0,0,1,780,780
2034,1,90,1,810,900,0,0,1,820,820
2035,0,0,3,2520,2520,2,160,3,2360,2520
2036,1,90,1,600,690,0,0,1,780,780
2037,1,90,2,1260,1350,1,90,2,1260,1350
2038,1,90,1,660,750,0,0,1,720,720
2039,0,0,1,600,600,1,80,1,850,930
2040,1,80,2,1510,1590,1,90,2,1530,1620
2041,2,150,2,1260,1410,0,0,2,1200,1200
2042,2,150,3,2040,2190,0,0,3,2160,2160
2043,1,70,2,1460,1530,1,80,2,1450,1530
2044,0,0,1,660,660,0,0,1,670,670
2045,1,80,2,1450,1530,0,0,2,1680,1680
2046,0,0,2,1560,1560,0,0,2,1620,1620
2047,1,70,1,710,780,0,0,1,780,780
2048,0,0,3,2040,2040,0,0,3,2220,2220
2049,2,140,4,2680,2820,2,160,4,2690,2850
2050,0,0,2,1560,1560,0,0,2,1560,1560
2051,0,0,1,780,780,1,80,1,820,900
2052,0,0,2,1500,1500,1,80,2,1510,1590
2053,0,0,7,4500,4500,0,0,7,4990,4990
2054,0,0,1,540,540,1,80,1,670,750
2055,0,0,1,780,780,0,0,1,780,780
2056,0,0,1,720,720,0,0,1,840,840
2057,1,70,1,560,630,0,0,1,600,600
2058,0,0,1,720,720,0,0,1,730,730
2059,0,0,2,1560,1560,1,80,2,1540,1620
2060,0,0,1,660,660,0,0,1,660,660
2061,1,80,1,700,780,0,0,1,780,780
2062,0,0,1,600,600,1,80,1,670,750
2063,1,70,1,620,690,0,0,1,790,790
2064,0,0,2,1560,1560,0,0,2,1620,1620
2065,0,0,1,660,660,0,0,1,720,720
2066,0,0,1,540,540,0,0,1,720,720
2067,0,0,1,840,840,1,90,1,750,840
2068,1,80,1,610,690,1,80,1,820,900
2069,1,90,1,780,870,0,0,1,840,840
2070,0,0,1,720,720,0,0,1,720,720
2071,1,80,1,730,810,0,0,1,780,780
2072,0,0,1,660,660,0,0,1,660,660
2073,1,80,2,1330,1410,0,0,2,1560,1560
2074,0,0,1,720,720,1,70,1,620,690
2075,0,0,1,780,780,0,0,1,840,840
2076,0,0,2,1260,1260,0,0,2,1380,1380
2077,1,80,1,670,750,1,70,1,740,810
2078,0,0,1,540,540,0,0,1,730,730
2079,0,0,1,780,780,0,0,1,540,540
2080,0,0,1,780,780,0,0,1,780,780
2081,0,0,1,540,540,0,0,1,840,840
2082,0,0,2,1620,1620,0,0,2,1570,1570
2083,0,0,1,660,660,0,0,1,730,730
2084,2,170,3,1930,2100,1,80,3,2110,2190
2085,0,0,1,780,780,1,70,1,740,810
2086,1,80,1,790,870,0,0,1,840,840
2087,0,0,1,660,660,0,0,1,840,840
2088,0,0,1,600,600,0,0,1,840,840
2089,1,90,2,1500,1590,0,0,2,1620,1620
2090,0,0,1,720,720,0,0,1,730,730
2091,0,0,3,1920,1920,0,0,3,1920,1920
2092,0,0,1,720,720,0,0,1,720,720
2093,1,80,3,1750,1830,1,80,2,1630,1710
2094,0,0,2,1500,1500,0,0,2,1500,1500
2095,0,0,1,720,720,0,0,1,780,780
2096,1,70,1,680,750,1,80,1,670,750
2097,0,0,1,540,540,0,0,1,670,670
2098,0,0,1,720,720,0,0,1,780,780
2099,0,0,1,720,720,0,0,1,780,780
2100,1,70,2,1490,1560,0,0,2,1500,1500
2101,2,170,3,2110,2280,0,0,3,2280,2280
2102,0,0,1,540,540,1,80,1,520,600
2103,2,170,3,1780,1950,1,80,3,2230,2310
2104,1,90,1,630,720,0,0,1,840,840
2105,1,70,1,680,750,0,0,1,780,780
2106,1,80,3,2170,2250,1,80,3,2170,2250
2107,1,90,4,2730,2820,0,0,4,2820,2820
2108,0,0,2,1680,1680,1,70,3,1640,1710
2109,0,0,1,720,720,0,0,1,790,790
2110,2,150,8,5760,5910,4,320,8,5950,6270
2111,0,0,1,720,720,1,70,1,680,750
2112,1,70,1,740,810,0,0,1,600,600
2113,1,70,1,560,630,1,80,1,730,810
2114,0,0,2,1440,1440,1,70,2,1400,1470
2115,0,0,3,2280,2280,0,0,3,2230,2230
2116,1,80,1,790,870,0,0,1,840,840
2117,0,0,1,600,600,0,0,1,780,780
2118,0,0,1,780,780,0,0,1,780,780
2119,1,90,2,1230,1320,1,70,2,1280,1350
2120,1,80,1,730,810,1,80,1,730,810
2121,0,0,1,540,540,0,0,1,540,540
2122,0,0,1,540,540,0,0,1,540,540
2123,0,0,1,720,720,0,0,1,840,840
2124,1,80,4,2770,2850,1,90,4,2700,2790
2125,0,0,1,600,600,0,0,1,840,840
2126,1,70,1,620,690,1,90,1,780,870
2127,0,0,2,1320,1320,1,80,2,1270,1350
2128,1,80,2,1330,1410,1,90,2,1320,1410
2129,0,0,1,780,780,1,80,1,790,870
2130,0,0,2,1140,1140,1,80,1,850,930
2131,1,80,1,790,870,0,0,1,840,840
2132,1,80,1,730,810,0,0,1,600,600
2133,1,70,2,1460,1530,0,0,2,1600,1600
2134,0,0,1,840,840,0,0,1,840,840
2135,0,0,1,540,540,0,0,1,840,840
2136,1,70,3,1970,2040,0,0,3,2220,2220
2137,0,0,3,2340,2340,1,80,3,2290,2370
2138,0,0,1,720,720,0,0,1,780,780
2139,1,70,1,860,930,0,0,1,850,850
2140,1,70,1,680,750,0,0,1,730,730
2141,1,90,1,720,810,0,0,1,840,840
2142,1,90,3,1980,2070,0,0,3,2110,2110
2143,1,90,1,660,750,0,0,1,660,660
2144,0,0,1,720,720,0,0,1,720,720
2145,0,0,3,2160,2160,0,0,3,2230,2230
2146,0,0,1,840,840,1,90,1,750,840
2147,1,80,3,2200,2280,0,0,3,2280,2280
2148,0,0,1,720,720,1,70,1,680,750
2149,0,0,1,720,720,1,80,1,670,750
2150,0,0,1,780,780,1,70,1,740,810
2151,1,90,2,1530,1620,1,90,2,1530,1620
2152,1,80,1,610,690,0,0,1,660,660
2153,0,0,1,780,780,0,0,1,840,840
2154,0,0,3,2160,2160,0,0,3,2340,2340
2155,0,0,1,660,660,0,0,1,780,780
2156,1,90,2,1260,1350,0,0,2,1440,1440
2157,0,0,1,840,840,0,0,1,840,840
2158,1,80,1,610,690,0,0,1,610,610
2159,0,0,1,600,600,0,0,1,720,720
2160,1,70,2,1640,1710,2,170,2,1570,1740
2161,1,90,1,510,600,0,0,1,550,550
2162,1,70,2,1340,1410,0,0,2,1440,1440
2163,1,80,2,1390,1470,0,0,2,1500,1500
2164,1,70,2,1580,1650,1,90,2,1500,1590
2165,0,0,2,1380,1380,0,0,2,1450,1450
2166,1,70,2,1310,1380,1,70,2,1610,1680
2167,1,80,1,670,750,1,70,1,710,780
2168,0,0,1,780,780,0,0,1,780,780
2169,1,90,2,1440,1530,2,170,2,1360,1530
2170,1,80,1,550,630,0,0,1,840,840
2171,0,0,2,1140,1140,0,0,2,1380,1380
2172,1,70,2,1400,1470,0,0,2,1500,1500
2173,0,0,1,720,720,0,0,1,720,720
2174,1,90,1,600,690,1,80,1,730,810
2175,1,80,3,1900,1980,0,0,3,2280,2280
2176,0,0,1,540,540,0,0,1,660,660
2177,1,80,3,2470,2550,1,70,4,2780,2850
2178,0,0,1,660,660,0,0,1,660,660
2179,0,0,1,540,540,0,0,1,840,840
2180,0,0,3,2040,2040,0,0,3,2280,2280
2181,0,0,1,660,660,0,0,1,730,730
2182,0,0,2,1560,1560,0,0,2,1320,1320
2183,0,0,1,660,660,0,0,1,780,780
2184,0,0,2,1560,1560,1,70,2,1520,1590
2185,1,90,2,1380,1470,0,0,2,1320,1320
2186,1,80,2,1510,1590,0,0,2,1620,1620
2187,0,0,1,600,600,0,0,1,780,780
2188,0,0,1,600,600,0,0,1,600,600
2189,0,0,2,1620,1620,0,0,2,1620,1620
2190,0,0,1,780,780,1,80,1,670,750
2191,1,70,4,2780,2850,2,160,4,2870,3030
2192,1,80,1,760,840,0,0,1,840,840
2193,0,0,1,840,840,0,0,1,850,850
2194,0,0,1,540,540,0,0,1,780,780
2195,0,0,1,540,540,0,0,1,540,540
2196,1,80,4,2410,2490,0,0,4,2460,2460
2197,0,0,2,1080,1080,1,80,1,850,930
2198,0,0,1,600,600,0,0,1,720,720
2199,1,80,4,2950,3030,1,80,4,3020,3100
2200,1,70,1,620,690,0,0,1,790,790
2201,0,0,1,660,660,1,80,1,580,660
2202,0,0,1,600,600,0,0,1,660,660
2203,1,80,2,1510,1590,0,0,2,1560,1560
2204,0,0,3,2220,2220,0,0,3,2170,2170
2205,1,80,3,2110,2190,0,0,3,2230,2230
2206,1,70,2,1340,1410,1,80,2,1270,1350
2207,1,90,3,2100,2190,2,160,3,1880,2040
2208,1,70,1,740,810,0,0,1,760,760
2209,0,0,2,1260,1260,0,0,2,1620,1620
2210,1,80,1,820,900,0,0,1,780,780
2211,1,80,3,1990,2070,0,0,3,2400,2400
2212,0,0,2,1380,1380,0,0,2,1500,1500
2213,0,0,1,540,540,0,0,1,720,720
2214,1,70,1,620,690,0,0,1,730,730
2215,0,0,1,540,540,1,90,1,510,600
2216,1,80,2,1390,1470,1,80,2,1220,1300
2217,1,80,1,550,630,0,0,1,610,610
2218,0,0,1,780,780,1,80,1,700,780
2219,0,0,1,600,600,0,0,1,780,780
2220,1,70,4,2780,2850,1,70,4,2780,2850
2221,0,0,1,540,540,0,0,1,840,840
2222,2,160,2,1460,1620,0,0,2,1620,1620
2223,0,0,1,780,780,1,80,1,790,870
2224,0,0,1,660,660,0,0,1,780,780
2225,1,80,2,1330,1410,0,0,2,1200,1200
2226,1,80,1,610,690,0,0,1,790,790
2227,0,0,1,840,840,0,0,1,840,840
2228,0,0,2,1140,1140,0,0,2,1500,1500
2229,0,0,1,780,780,0,0,1,780,780
2230,1,80,2,1210,1290,1,80,2,1480,1560
2231,0,0,2,1380,1380,1,80,2,1330,1410
2232,0,0,1,600,600,0,0,1,660,660
2233,0,0,2,1380,1380,0,0,2,1380,1380
2234,1,80,1,760,840,0,0,1,840,840
2235,0,0,1,840,840,0,0,1,790,790
2236,1,80,3,2080,2160,0,0,3,2220,2220
2237,0,0,1,840,840,0,0,1,840,840
2238,0,0,2,1560,1560,0,0,2,1320,1320
2239,0,0,2,1440,1440,1,90,2,1560,1650
2240,2,150,9,6330,6480,2,160,9,6500,6660
2241,0,0,1,540,540,1,80,1,610,690
2242,0,0,1,600,600,0,0,1,780,780
2243,0,0,1,600,600,1,90,1,600,690
2244,0,0,1,600,600,0,0,1,660,660
2245,1,70,1,560,630,1,80,1,730,810
2246,1,80,2,1540,1620,0,0,2,1620,1620
2247,0,0,1,540,540,0,0,1,540,540
2248,0,0,5,3540,3540,2,180,5,3570,3750
2249,2,150,6,4380,4530,0,0,7,4990,4990
2250,1,70,2,1520,1590,0,0,2,1560,1560
2251,0,0,1,660,660,0,0,1,780,780
2252,0,0,2,1560,1560,0,0,2,1510,1510
2253,0,0,1,780,780,1,90,1,720,810
2254,0,0,1,660,660,0,0,1,780,780
2255,0,0,1,540,540,0,0,1,600,600
2256,0,0,1,780,780,0,0,1,780,780
2257,0,0,1,780,780,0,0,1,780,780
2258,0,0,2,1320,1320,1,70,2,1460,1530
2259,0,0,5,3720,3720,1,80,5,3520,3600
2260,0,0,1,600,600,0,0,1,610,610
2261,1,70,2,1430,1500,2,160,2,1340,1500
2262,0,0,2,1380,1380,0,0,3,2350,2350
2263,0,0,1,780,780,1,80,1,790,870
2264,1,80,1,610,690,1,70,1,680,750
2265,1,90,1,540,630,0,0,1,730,730
2266,0,0,2,1380,1380,1,80,2,1390,1470
2267,1,80,1,640,720,0,0,1,840,840
2268,0,0,1,780,780,0,0,1,780,780
2269,1,80,2,1450,1530,0,0,2,1560,1560
2270,0,0,1,600,600,0,0,1,780,780
2271,1,70,1,800,870,0,0,1,840,840
2272,0,0,1,600,600,0,0,1,730,730
2273,0,0,1,780,780,0,0,1,780,780
2274,0,0,1,600,600,0,0,1,720,720
2275,0,0,1,720,720,0,0,1,720,720
2276,0,0,1,780,780,0,0,1,780,780
2277,0,0,2,1080,1080,1,80,1,850,930
2278,0,0,1,780,780,0,0,1,720,720
2279,0,0,3,1860,1860,1,70,3,2150,2220
2280,1,80,1,670,750,0,0,1,720,720
2281,0,0,1,780,780,0,0,1,730,730
2282,0,0,2,1140,1140,1,90,2,1440,1530
2283,0,0,1,780,780,0,0,1,780,780
2284,1,80,1,610,690,0,0,1,720,720
2285,0,0,1,840,840,0,0,1,840,840
2286,0,0,1,720,720,0,0,1,840,840
2287,1,70,5,3680,3750,1,80,5,3680,3760
2288,1,80,1,610,690,1,70,1,800,870
2289,0,0,1,660,660,0,0,1,540,540
2290,0,0,3,2040,2040,1,80,3,2110,2190
2291,0,0,2,1320,1320,0,0,2,1620,1620
2292,0,0,1,720,720,0,0,1,840,840
2293,0,0,2,1380,1380,1,90,2,1360,1450
2294,1,80,3,2020,2100,0,0,3,2220,2220
2295,1,70,1,740,810,0,0,1,780,780
2296,1,70,3,2060,2130,0,0,3,2340,2340
2297,2,150,2,1350,1500,0,0,2,1560,1560
2298,1,80,1,790,870,0,0,1,720,720
2299,0,0,3,1920,1920,1,80,3,1840,1920
2300,1,80,1,730,810,0,0,1,780,780
2301,1,70,1,530,600,1,80,1,730,810
2302,0,0,1,540,540,0,0,1,840,840
2303,0,0,2,1320,1320,1,70,2,1460,1530
2304,1,90,1,570,660,0,0,1,720,720
2305,0,0,1,720,720,1,80,1,550,630
2306,0,0,1,720,720,0,0,1,730,730
2307,1,80,2,1450,1530,0,0,2,1500,1500
2308,0,0,1,600,600,1,90,1,810,900
2309,0,0,1,840,840,0,0,1,600,600
2310,0,0,1,720,720,0,0,1,720,720
2311,0,0,1,840,840,0,0,1,720,720
2312,0,0,2,1440,1440,0,0,2,1440,1440
2313,0,0,1,540,540,0,0,1,840,840
2314,0,0,2,1440,1440,0,0,2,1440,1440
2315,0,0,3,2040,2040,1,70,3,1970,2040
2316,1,70,1,560,630,1,70,1,770,840
2317,0,0,2,1380,1380,1,80,2,1330,1410
2318,0,0,1,840,840,0,0,1,760,760
2319,1,80,1,790,870,0,0,1,790,790
2320,0,0,2,1320,1320,0,0,2,1440,1440
2321,1,70,1,680,750,1,80,1,670,750
2322,1,80,4,2740,2820,2,150,4,2620,2770
2323,0,0,2,1500,1500,0,0,2,1540,1540
2324,0,0,1,600,600,0,0,1,780,780
2325,0,0,1,780,780,0,0,1,780,780
2326,0,0,1,660,660,0,0,1,780,780
2327,0,0,2,1200,1200,0,0,2,1500,1500
2328,0,0,1,840,840,0,0,1,840,840
2329,1,80,2,1450,1530,0,0,2,1260,1260
2330,0,0,2,1560,1560,0,0,2,1540,1540
2331,0,0,1,720,720,0,0,1,780,780
2332,2,170,2,1300,1470,0,0,2,1450,1450
2333,0,0,1,720,720,0,0,1,720,720
2334,1,80,1,670,750,0,0,1,840,840
2335,0,0,1,720,720,1,80,1,520,600
2336,1,70,1,680,750,0,0,1,670,670
2337,0,0,2,1320,1320,1,70,2,1370,1440
2338,0,0,1,780,780,0,0,1,730,730
2339,0,0,1,840,840,0,0,1,790,790
2340,0,0,4,3060,3060,0,0,4,3060,3060
2341,0,0,1,840,840,0,0,1,790,790
2342,0,0,1,540,540,0,0,1,780,780
2343,0,0,1,660,660,1,80,1,580,660
2344,0,0,1,780,780,0,0,1,820,820
2345,1,80,2,1450,1530,1,90,2,1260,1350
2346,1,80,1,730,810,1,80,1,730,810
2347,0,0,2,1200,1200,0,0,2,1440,1440
2348,1,80,3,1780,1860,0,0,3,2160,2160
2349,1,80,2,1510,1590,0,0,2,1540,1540
2350,0,0,2,1200,1200,0,0,2,1560,1560
2351,0,0,1,600,600,0,0,1,780,780
2352,1,80,1,610,690,1,70,1,800,870
2353,0,0,1,540,540,0,0,1,720,720
2354,0,0,2,1440,1440,0,0,2,1440,1440
2355,1,80,1,790,870,1,80,1,820,900
2356,0,0,2,1440,1440,1,70,2,1400,1470
2357,1,70,2,1460,1530,0,0,2,1500,1500
2358,0,0,4,2760,2760,2,160,4,2870,3030
2359,0,0,1,660,660,0,0,1,720,720
2360,0,0,1,660,660,0,0,1,660,660
2361,0,0,3,2100,2100,1,70,3,2300,2370
2362,1,80,2,1270,1350,0,0,2,1560,1560
2363,2,150,5,3630,3780,3,240,5,3720,3960
2364,1,90,1,570,660,1,90,1,570,660
2365,0,0,1,600,600,0,0,1,600,600
2366,1,80,2,1270,1350,0,0,2,1510,1510
2367,1,70,2,1520,1590,0,0,2,1540,1540
2368,0,0,3,2160,2160,2,180,3,1980,2160
2369,1,80,1,790,870,0,0,1,600,600
2370,0,0,2,1140,1140,0,0,1,850,850
2371,0,0,2,1560,1560,0,0,2,1560,1560
2372,0,0,2,1440,1440,0,0,2,1440,1440
2373,1,80,1,790,870,0,0,1,780,780
2374,0,0,1,540,540,0,0,1,660,660
2375,1,80,3,2410,2490,0,0,1,660,660
2376,1,90,1,840,930,1,90,1,840,930
2377,4,340,4,3020,3360,2,160,5,3290,3450
2378,1,70,1,710,780,0,0,1,840,840
2379,0,0,1,720,720,0,0,1,720,720
2380,1,80,3,2230,2310,0,0,3,2160,2160
2381,1,70,1,710,780,0,0,1,780,780
2382,2,160,4,2930,3090,0,0,4,3060,3060
2383,0,0,1,600,600,0,0,1,720,720
2384,0,0,1,780,780,0,0,1,720,720
2385,0,0,5,3420,3420,4,300,4,3060,3360
2386,0,0,1,780,780,0,0,1,780,780
2387,1,80,1,730,810,1,90,1,720,810
2388,0,0,1,540,540,0,0,1,840,840
2389,2,170,2,1330,1500,0,0,2,1560,1560
2390,1,80,1,760,840,0,0,1,840,840
2391,1,90,1,690,780,0,0,1,780,780
2392,1,80,3,2170,2250,0,0,3,1920,1920
2393,0,0,3,2160,2160,0,0,3,2170,2170
2394,1,70,2,1580,1650,0,0,2,1680,1680
2395,0,0,2,1140,1140,0,0,2,1140,1140
2396,0,0,2,1320,1320,0,0,2,1560,1560
2397,1,70,1,680,750,0,0,1,840,840
2398,0,0,2,1140,1140,1,80,2,1450,1530
2399,0,0,2,1440,1440,0,0,2,1260,1260
2400,1,80,1,760,840,0,0,1,840,840
2401,1,80,1,790,870,1,80,1,730,810
2402,1,70,1,620,690,0,0,1,850,850
2403,1,90,2,1500,1590,1,80,2,1540,1620
2404,2,160,3,2390,2550,1,80,4,2590,2670
2405,0,0,1,780,780,0,0,1,780,780
2406,0,0,3,2160,2160,0,0,3,2220,2220
2407,1,80,1,550,630,0,0,1,670,670
2408,1,90,2,1320,1410,1,90,2,1380,1470
2409,0,0,4,3000,3000,1,80,4,2890,2970
2410,0,0,1,840,840,1,80,1,760,840
2411,1,90,4,2880,2970,0,0,4,2950,2950
2412,1,80,1,550,630,0,0,1,670,670
2413,0,0,2,1260,1260,0,0,2,1260,1260
2414,0,0,2,1320,1320,0,0,2,1320,1320
2415,0,0,1,720,720,0,0,1,720,720
2416,1,80,2,1390,1470,0,0,2,1450,1450
2417,1,80,1,610,690,0,0,1,660,660
2418,1,80,3,2320,2400,0,0,3,2400,2400
2419,0,0,2,1500,1500,0,0,2,1450,1450
2420,0,0,1,780,780,0,0,1,780,780
2421,0,0,2,1380,1380,0,0,2,1620,1620
2422,0,0,2,1260,1260,1,70,2,1430,1500
2423,0,0,1,780,780,0,0,1,600,600
2424,2,160,3,2270,2430,0,0,3,2460,2460
2425,1,80,2,1330,1410,1,70,2,1400,1470
2426,1,90,1,600,690,0,0,1,600,600
2427,1,80,1,730,810,0,0,1,840,840
2428,0,0,1,540,540,0,0,1,730,730
2429,0,0,1,540,540,0,0,1,780,780
2430,0,0,2,1320,1320,1,90,2,1380,1470
2431,1,80,1,700,780,1,80,1,670,750
2432,1,80,4,2710,2790,1,70,4,2730,2800
2433,1,80,1,850,930,0,0,1,850,850
2434,0,0,2,1260,1260,1,90,2,1530,1620
2435,1,80,1,550,630,0,0,1,730,730
2436,0,0,1,660,660,0,0,1,780,780
2437,2,170,2,1330,1500,0,0,2,1500,1500
2438,1,80,2,1600,1680,0,0,2,1680,1680
2439,1,90,1,780,870,1,80,1,790,870
2440,0,0,2,1380,1380,0,0,2,1380,1380
2441,0,0,3,2340,2340,0,0,3,2160,2160
2442,0,0,1,780,780,0,0,1,720,720
2443,1,70,2,1340,1410,0,0,2,1570,1570
2444,1,80,1,550,630,0,0,1,840,840
2445,1,80,2,1390,1470,1,90,2,1380,1470
2446,2,160,2,1250,1410,1,70,2,1460,1530
2447,1,70,2,1310,1380,2,170,2,1090,1260
2448,0,0,2,1140,1140,0,0,2,1140,1140
2449,1,90,1,660,750,0,0,1,780,780
2450,0,0,4,2520,2520,0,0,3,2410,2410
2451,0,0,4,3000,3000,0,0,4,2980,2980
2452,0,0,1,720,720,0,0,1,600,600
2453,0,0,2,1440,1440,0,0,2,1440,1440
2454,1,80,1,670,750,0,0,1,720,720
2455,0,0,1,720,720,0,0,1,840,840
2456,0,0,2,1560,1560,1,80,2,1540,1620
2457,0,0,1,720,720,0,0,1,840,840
2458,0,0,1,780,780,0,0,1,840,840
2459,0,0,1,600,600,0,0,1,720,720
2460,1,90,1,720,810,0,0,1,780,780
2461,2,170,8,5950,6120,4,330,8,5940,6270
2462,0,0,1,780,780,0,0,1,780,780
2463,1,80,1,820,900,1,80,1,610,690
2464,0,0,1,840,840,0,0,1,840,840
2465,0,0,1,840,840,0,0,1,790,790
2466,0,0,1,600,600,1,80,1,610,690
2467,0,0,1,780,780,0,0,1,780,780
2468,0,0,1,840,840,0,0,1,600,600
2469,0,0,1,780,780,0,0,1,540,540
2470,0,0,1,780,780,0,0,1,540,540
2471,0,0,1,840,840,0,0,1,840,840
2472,1,80,1,610,690,0,0,1,720,720
2473,0,0,1,720,720,1,80,1,670,750
2474,0,0,1,780,780,0,0,1,840,840
2475,0,0,1,780,780,1,80,1,790,870
2476,1,80,1,520,600,0,0,1,720,720
2477,2,170,4,2470,2640,0,0,4,2820,2820
2478,1,90,1,540,630,0,0,1,540,540
2479,1,70,1,680,750,0,0,1,660,660
2480,0,0,1,720,720,0,0,1,670,670
2481,0,0,1,540,540,0,0,1,600,600
2482,2,150,2,1530,1680,2,140,2,1570,1710
2483,1,80,1,550,630,0,0,1,820,820
2484,1,80,1,850,930,1,90,1,840,930
2485,0,0,1,600,600,0,0,1,720,720
2486,1,80,2,1420,1500,1,90,2,1440,1530
2487,0,0,1,540,540,0,0,1,720,720
2488,0,0,1,540,540,0,0,1,780,780
2489,0,0,1,660,660,0,0,1,660,660
2490,1,80,2,1240,1320,0,0,2,1440,1440
2491,0,0,1,660,660,0,0,1,850,850
2492,0,0,1,600,600,0,0,1,780,780
2493,0,0,1,840,840,0,0,1,840,840
2494,0,0,3,2280,2280,0,0,3,2340,2340
2495,0,0,1,600,600,0,0,1,780,780
2496,1,80,2,1450,1530,0,0,2,1500,1500
2497,0,0,1,720,720,0,0,1,720,720
2498,2,170,2,1090,1260,0,0,2,1300,1300
2499,0,0,1,780,780,0,0,1,780,780
